spam_crop,fao_items,price_usd2024_per_Mg,n_countries
WHEA,Wheat,321.624499287943,89
RICE,Rice,485.500211724887,72
MAIZ,Maize (corn),307.564818351208,103
BARL,Barley,244.706769758218,75
PMIL,Millet,414.965124211441,33
SMIL,Millet,414.965124211441,33
SORG,Sorghum,309.338489253707,44
OCER,Rye; Oats; Triticale; Quinoa; Cereals n.e.c.; Buckwheat; Fonio,238.618537462563,55
POTA,Potatoes,346.474608011979,110
SWPO,Sweet potatoes,905.934816518797,55
YAMS,Yams,580.43300016009,29
CASS,"Cassava, fresh",208.204017691564,51
ORTS,"Edible roots and tubers with high starch or inulin content, n.e.c., fresh; Taro",682.097160356613,18
BEAN,"Beans, dry",973.806768425483,44
CHIC,"Chick peas, dry",750.815996782378,17
COWP,"Cow peas, dry",647.837220607313,7
PIGE,"Pigeon peas, dry",688.28329733895,6
LENT,"Lentils, dry",635.057355230813,22
OPUL,"Peas, dry; Lupins; Broad beans and horse beans, dry; Bambara beans, dry",352.412697326135,43
SOYB,Soya beans,515.432244771888,51
GROU,"Groundnuts, excluding shelled",1544.16052135981,43
SUNF,Sunflower seed,553.692584847737,39
RAPE,Rape or colza seed,699.972394033683,40
SESA,Sesame seed,1645.37382733629,21
OOIL,Linseed; Castor oil seeds; Mustard seed; Safflower seed,648.187268792495,17
SUGC,Sugar cane,62.6374821069755,31
SUGB,Sugar beet,51.6940832015276,35
COTT,"Seed cotton, unginned",1087.35071201337,15
OFIB,"Jute, raw or retted; Sisal, raw; Kenaf, and other textile bast fibres, raw or retted",925.63196825414,4
