name,description,units,default_value,uncertainty_level,distribution,dispersion,minimum,maximum,notes,ref
discount_rate,Discount rate,fraction,0.02,NA,none,NA,NA,NA,,1. EPA. EPA Report on the Social Cost of Greenhouse Gases: Estimates Incorporating Recent Scientific Advances. (2023).
plant_mw_th,Plant thermal capacity,MWth,50,NA,none,NA,NA,NA,,
O_M_factor,Operations & Maintenance,% of Capex,0.04,Medium,uniform,NA,0.026143593539449,0.053856406460551,,
bm_lhv,Biomass lower heating value,GJ/Mg,18.6,Medium,normal,3.72,7.44,29.76,"Medium Priority. Varies by regional feedstock (e.g., rice straw vs corn stover).",
bm_c,Carbon fraction of biomass,fraction,0.48,Low,normal,0.024,0.408,0.552,,
bm_transport_fixed,Fixed transport cost (Loading/Handling),$/Mg,5,Medium,normal,1,2,8,,
bm_transport_var,Variable transport cost (Trucking),$/Mg/km,0.15,Medium,normal,0.03,0.06,0.24,,
bm_ash,Biomass ash content,fraction,0.05,Medium,normal,0.01,0.02,0.08,Medium Priority. Varies by regional feedstock.,
bm_h2o,Biomass moisture content,fraction,0.1,Low,normal,0.005,0.085,0.115,,
bm_feed_rate,Biomass feed rate,kg/hr,250,Low,normal,12.5,212.5,287.5,,
elec_price,Electricity price,$/MWh,100,Medium,normal,20,40,160,,
wholesale_discount_factor,Ratio of Wholesale to Retail,ratio,0.4,Medium,uniform,NA,0.26143593539449,0.53856406460551,,
c_price,Carbon price,$/tCO2e,100,NA,none,NA,NA,NA,,
bc_price,Biochar price,$/t Biochar,100,High,normal,40,0,220,,
price_lime,Bulk Ag Lime price,$/Mg,60,Medium,normal,3,51,69,Low Priority. Varies by local transport distance.,
price_n,Nitrogen fertilizer price,$/kg N,0.92,High,normal,0.368,0,2.024,High Priority. Massive regional variations due to subsidies and tariffs.,
price_p,Phosphorus fertilizer price,$/kg P2O5,1.1,High,normal,0.44,0,2.42,High Priority. Massive regional variations due to subsidies and tariffs.,
price_k,Potassium fertilizer price,$/kg K2O,0.62,High,normal,0.248,0,1.364,High Priority. Massive regional variations due to subsidies and tariffs.,
bes_life,BES project lifetime,years,30,Low,none,NA,NA,NA,,
bes_energy_efficiency,BES energy efficiency,fraction,0.3,Low,uniform,NA,0.274019237886467,0.325980762113533,,
bes_capital_cost,BES capital cost,$/kW,3000,Medium,log-normal,0.198042200435365,0,5328.8131156889,Medium Priority. Differ significantly due to local labor/material costs.,
bes_om_factor,BES O&M factor,fraction,0.04,Medium,uniform,NA,0.026143593539449,0.053856406460551,Medium Priority. Highly labor-dependent.,
ff_c_intensity,Fossil fuel carbon intensity,tCO2eq/GJ,0.00333333333333333,Medium,uniform,NA,0.00217863279495408,0.00448803387171258,,
use_flat_ci,Use flat carbon intensity,logical,FALSE,NA,none,NA,NA,NA,,
flat_ci_tCO2_GJ,Flat carbon intensity value,tCO2eq/GJ,0.00333333333333333,NA,uniform,NA,NA,NA,,
optimize_scale,Optimize plant scale,logical,FALSE,NA,none,NA,NA,NA,,
plant_sizes_mw_th,Available plant sizes,MWth,"5,25,50,100,250,500",NA,none,NA,NA,NA,,
rebound,Rebound effect,fraction,0,NA,uniform,NA,NA,NA,,
beccs_available,Is BECCS available,logical,TRUE,NA,none,NA,NA,NA,,
beccs_eff_penalty,BECCS efficiency penalty,fraction,0.08,Low,uniform,NA,0.0730717967697245,0.0869282032302755,,
ccs_cc,CCS capital cost,$/kW,500,High,log-normal,0.385253170159927,0,1474.62294611546,,
beccs_seq_fraction,BECCS sequestration fraction,fraction,0.9,Low,uniform,NA,0.822057713659401,0.9779422863406,,
beccs_efficiency,BECCS efficiency,fraction,0.28,Low,uniform,NA,0.255751288694036,0.304248711305964,,
capture_rate,CO2 capture rate,fraction,0.9,Low,uniform,NA,0.822057713659401,0.9779422863406,Validation needed: Real-world data is sparse. Recommend sensitivity analysis (85-95%).,
ccs_distance,CCS transport distance,km,100,Medium,log-normal,0.198042200435365,0,177.627103856297,,
ccs_storage_cost,CCS injection/monitoring cost,$/Mg CO2,15,High,log-normal,0.385253170159927,0,44.2386883834638,High Priority. Geologic storage costs vary drastically. Consider spatial raster.,
beccs_capital_cost,BECCS capital cost,$/kW,4000,Medium,log-normal,0.198042200435365,0,7105.08415425188,Medium Priority. Differ significantly due to local labor/material costs.,
beccs_om_factor,BECCS O&M factor,fraction,0.05,Medium,uniform,NA,0.0326794919243112,0.0673205080756888,Medium Priority. Highly labor-dependent.,
early_adoption,BECCS early adoption scenario,logical,FALSE,NA,none,NA,NA,NA,,
allow_eor,Allow Enhanced Oil Recovery,logical,FALSE,NA,none,NA,NA,NA,,
py_temp,Pyrolysis temperature,°C,500,Low,uniform,NA,456.698729810778,543.301270189222,,
py_life,Pyrolysis project lifetime,years,20,Low,none,NA,NA,NA,,
py_cc,Pyrolysis capital cost,$/kW,500,Medium,log-normal,0.198042200435365,0,888.135519281484,,
lignin,Lignin fraction,fraction,0.2,Low,uniform,NA,0.182679491924311,0.217320508075689,,
time_frame,Time frame for stability,years,100,NA,none,NA,NA,NA,,
bc_stab_factor,Biochar stability factor,factor,4.6,High,uniform,NA,1.41302651407327,7.78697348592673,Validation needed: Ensure aligns with IPCC or verified carbon standard methodologies.,
bc_cce,Calcium Carbonate Equivalent,fraction,0.15,Medium,uniform,NA,0.0980384757729337,0.201961524227066,"Validation needed: Does 15% hold true globally, or should it scale with bm_ash?",
bc_n_content,Biochar Nitrogen content,fraction,0.005,Low,uniform,NA,0.00456698729810778,0.00543301270189222,,
bc_p_content,Biochar Phosphorus content,fraction,0.002,Low,uniform,NA,0.00182679491924311,0.00217320508075689,,
bc_k_content,Biochar Potassium content,fraction,0.005,Low,uniform,NA,0.00456698729810778,0.00543301270189222,,
ag_impact_duration,Agronomic impact duration,years,10,Medium,uniform,NA,6.53589838486225,13.4641016151378,Medium Priority. Duration depends heavily on local climate and soil. 10-year flat assumption poorly validated.,
bc_ag_value,Biochar agronomic value,$/Mg,0,Medium,normal,0,0,0,,
bc_valuation_method,Biochar valuation method,character,advanced_mechanistic,NA,none,NA,NA,NA,,
h_c_org,H:C organic molar ratio,ratio,0.35,Low,uniform,NA,0.319689110867545,0.380310889132455,,
n_app_rate,Nitrogen application rate,kg/ha,100,NA,normal,NA,NA,NA,,
n2o_factor,N2O emission factor,fraction,0.01,High,uniform,NA,0.00307179676972449,0.0169282032302755,Validation needed: Ensure model accounts for biochar-induced N2O suppression.,