"Code","Name","Total_Delta_Gen","Total_Emissions_Added","Marginal_CI_gCO2_kWh","Marginal_CI_tCO2_GJ","Average_CI_gCO2_kWh","Average_CI_tCO2_GJ","Merged_CI_gCO2_kWh","Merged_CI_tCO2_GJ"
"ABW","Aruba",NA,NA,NA,NA,550,0.152777777777778,550,0.152777777777778
"AFG","Afghanistan",NA,NA,NA,NA,131.31,0.036475,131.31,0.036475
"AGO","Angola",NA,NA,NA,NA,185.38,0.0514944444444444,185.38,0.0514944444444444
"ALB","Albania",NA,NA,NA,NA,25.18,0.00699444444444444,25.18,0.00699444444444444
"AM","Armenia",10.15,1899.04,187.097536945813,0.0519715380405036,211.93,0.0588694444444444,187.097536945813,0.0519715380405036
"AR","Argentina",29.1049524,2004.05567225,68.8561741901354,0.0191267150528154,346,0.0961111111111111,68.8561741901354,0.0191267150528154
"ARE","United Arab Emirates",NA,NA,NA,NA,467.51,0.129863888888889,467.51,0.129863888888889
"ASM","American Samoa",NA,NA,NA,NA,611.11,0.169752777777778,611.11,0.169752777777778
"AT","Austria",14.9634575,490.9356871,32.8089739353355,0.00911360387092652,116.91,0.032475,32.8089739353355,0.00911360387092652
"ATG","Antigua and Barbuda",NA,NA,NA,NA,594.6,0.165166666666667,594.6,0.165166666666667
"AU","Australia",48.5827217,1803.39884005,37.1201690013592,0.0103111580559331,525.18,0.145883333333333,37.1201690013592,0.0103111580559331
"AZ","Azerbaijan",26.7,11138.14,417.158801498127,0.115877444860591,631.9,0.175527777777778,417.158801498127,0.115877444860591
"BA","Bosnia and Herzegovina",0.402424,14.240735,35.3873899171024,0.00982983053252843,570.64,0.158511111111111,35.3873899171024,0.00982983053252843
"BD","Bangladesh",75.86,45493.165,599.698984972317,0.166583051381199,696.13,0.193369444444444,599.698984972317,0.166583051381199
"BDI","Burundi",NA,NA,NA,NA,183.67,0.0510194444444444,183.67,0.0510194444444444
"BE","Belgium",9.260684,292.44272,31.5789546430912,0.0087719318453031,149.82,0.0416166666666667,31.5789546430912,0.0087719318453031
"BEN","Benin",NA,NA,NA,NA,584.16,0.162266666666667,584.16,0.162266666666667
"BFA","Burkina Faso",NA,NA,NA,NA,562.13,0.156147222222222,562.13,0.156147222222222
"BG","Bulgaria",3.977528,187.026697,47.0208373140302,0.0130613436983417,275.55,0.0765416666666667,47.0208373140302,0.0130613436983417
"BHR","Bahrain",NA,NA,NA,NA,902.24,0.250622222222222,902.24,0.250622222222222
"BHS","Bahamas",NA,NA,NA,NA,653.33,0.181480555555556,653.33,0.181480555555556
"BLZ","Belize",NA,NA,NA,NA,170.21,0.0472805555555556,170.21,0.0472805555555556
"BMU","Bermuda",NA,NA,NA,NA,639.34,0.177594444444444,639.34,0.177594444444444
"BO","Bolivia",11.69,3957.175,338.509409751925,0.0940303915977569,481.29,0.133691666666667,338.509409751925,0.0940303915977569
"BR","Brazil",139.0978062,4509.12129045,32.4169116223632,0.00900469767287865,109.95,0.0305416666666667,32.4169116223632,0.00900469767287865
"BRB","Barbados",NA,NA,NA,NA,594.6,0.165166666666667,594.6,0.165166666666667
"BRN","Brunei",NA,NA,NA,NA,892.09,0.247802777777778,892.09,0.247802777777778
"BTN","Bhutan",NA,NA,NA,NA,23.64,0.00656666666666667,23.64,0.00656666666666667
"BWA","Botswana",NA,NA,NA,NA,851.31,0.236475,851.31,0.236475
"BY","Belarus",40,11081.225,277.030625,0.0769529513888889,309.25,0.0859027777777778,277.030625,0.0769529513888889
"CA","Canada",58.2946188,20088.617212,344.605001722732,0.0957236115896477,190.72,0.0529777777777778,344.605001722732,0.0957236115896477
"CAF","Central African Republic",NA,NA,NA,NA,0,0,0,0
"CH","Switzerland",11.8724843,368.6074604,31.0472055456835,0.00862422376268986,39.22,0.0108944444444444,31.0472055456835,0.00862422376268986
"CIV","Cote d'Ivoire",NA,NA,NA,NA,405.01,0.112502777777778,405.01,0.112502777777778
"CL","Chile",23.7069625,934.9817522,39.4391205621555,0.0109553112672654,289.49,0.0804138888888889,39.4391205621555,0.0109553112672654
"CMR","Cameroon",NA,NA,NA,NA,225.9,0.06275,225.9,0.06275
"CN","China",2921.84506755728,1104664.29645143,378.070798043701,0.10501966612325,525.34,0.145927777777778,378.070798043701,0.10501966612325
"CO","Colombia",10.4522055,4749.3313971,454.385574135526,0.126218215037646,186.81,0.0518916666666667,454.385574135526,0.126218215037646
"COD","Democratic Republic of Congo",NA,NA,NA,NA,27.64,0.00767777777777778,27.64,0.00767777777777778
"COG","Congo",NA,NA,NA,NA,716.12,0.198922222222222,716.12,0.198922222222222
"COK","Cook Islands",NA,NA,NA,NA,250,0.0694444444444444,250,0.0694444444444444
"COM","Comoros",NA,NA,NA,NA,642.86,0.178572222222222,642.86,0.178572222222222
"CPV","Cape Verde",NA,NA,NA,NA,461.54,0.128205555555556,461.54,0.128205555555556
"CR","Costa Rica",11.18,272.745,24.3957960644007,0.00677661001788909,24.2,0.00672222222222222,24.3957960644007,0.00677661001788909
"CUB","Cuba",NA,NA,NA,NA,642.82,0.178561111111111,642.82,0.178561111111111
"CY","Cyprus",0.86851,41.663808,47.9715927277752,0.013325442424382,489,0.135833333333333,47.9715927277752,0.013325442424382
"CYM","Cayman Islands",NA,NA,NA,NA,633.8,0.176055555555556,633.8,0.176055555555556
"CZ","Czechia",2.038842,72.3846005,35.5028003641283,0.00986188899003563,401.46,0.111516666666667,35.5028003641283,0.00986188899003563
"DE","Germany",43.969205,1515.569078,34.4688760690579,0.00957468779696052,329.65,0.0915694444444444,34.4688760690579,0.00957468779696052
"DJI","Djibouti",NA,NA,NA,NA,450,0.125,450,0.125
"DK","Denmark",7.7453878,185.71507845,23.9775054839733,0.00666041818999259,114.41,0.0317805555555556,23.9775054839733,0.00666041818999259
"DMA","Dominica",NA,NA,NA,NA,600,0.166666666666667,600,0.166666666666667
"DO","Dominican Republic",22.01,11306.26,513.687414811449,0.142690948558736,537.48,0.1493,513.687414811449,0.142690948558736
"DZA","Algeria",NA,NA,NA,NA,632.94,0.175816666666667,632.94,0.175816666666667
"EC","Ecuador",24.35,1050.11,43.1256673511294,0.0119793520419804,159.02,0.0441722222222222,43.1256673511294,0.0119793520419804
"EE","Estonia",1.3448261,47.8172871,35.556483548319,0.00987680098564417,319.15,0.0886527777777778,35.556483548319,0.00987680098564417
"EG","Egypt",218.93,94098.54,429.811081167496,0.119391966990971,563.23,0.156452777777778,429.811081167496,0.119391966990971
"ERI","Eritrea",NA,NA,NA,NA,577.78,0.160494444444444,577.78,0.160494444444444
"ES","Spain",63.6683938,2463.96553195,38.699979454327,0.0107499942928686,153.6,0.0426666666666667,38.699979454327,0.0107499942928686
"ESH","Western Sahara",NA,NA,NA,NA,666.67,0.185186111111111,666.67,0.185186111111111
"ETH","Ethiopia",NA,NA,NA,NA,23.08,0.00641111111111111,23.08,0.00641111111111111
"FI","Finland",24.718,349.7525,14.1497087142973,0.00393047464286035,57.47,0.0159638888888889,14.1497087142973,0.00393047464286035
"FJI","Fiji",NA,NA,NA,NA,278.26,0.0772944444444444,278.26,0.0772944444444444
"FLK","Falkland Islands",NA,NA,NA,NA,1000,0.277777777777778,1000,0.277777777777778
"FR","France",40.2776,1108.6071585,27.5241612831946,0.00764560035644295,41.44,0.0115111111111111,27.5241612831946,0.00764560035644295
"FRO","Faroe Islands",NA,NA,NA,NA,346.94,0.0963722222222222,346.94,0.0963722222222222
"GAB","Gabon",NA,NA,NA,NA,523.08,0.1453,523.08,0.1453
"GB","United Kingdom",29.1825179,837.9264512,28.7133020554063,0.00797591723761285,217.41,0.0603916666666667,28.7133020554063,0.00797591723761285
"GE","Georgia",14.27,1655.1,115.984583041345,0.0322179397337071,145.93,0.0405361111111111,115.984583041345,0.0322179397337071
"GHA","Ghana",NA,NA,NA,NA,468.89,0.130247222222222,468.89,0.130247222222222
"GIB","Gibraltar",NA,NA,NA,NA,590.91,0.164141666666667,590.91,0.164141666666667
"GIN","Guinea",NA,NA,NA,NA,181.14,0.0503166666666667,181.14,0.0503166666666667
"GLP","Guadeloupe",NA,NA,NA,NA,497.01,0.138058333333333,497.01,0.138058333333333
"GMB","Gambia",NA,NA,NA,NA,666.67,0.185186111111111,666.67,0.185186111111111
"GNB","Guinea-Bissau",NA,NA,NA,NA,625,0.173611111111111,625,0.173611111111111
"GNQ","Equatorial Guinea",NA,NA,NA,NA,644.3,0.178972222222222,644.3,0.178972222222222
"GR","Greece",14.247783,2319.69557,162.810983996598,0.0452252733323883,315.09,0.087525,162.810983996598,0.0452252733323883
"GRD","Grenada",NA,NA,NA,NA,666.67,0.185186111111111,666.67,0.185186111111111
"GRL","Greenland",NA,NA,NA,NA,150,0.0416666666666667,150,0.0416666666666667
"GTM","Guatemala",NA,NA,NA,NA,301.46,0.0837388888888889,301.46,0.0837388888888889
"GUF","French Guiana",NA,NA,NA,NA,244.9,0.0680277777777778,244.9,0.0680277777777778
"GUM","Guam",NA,NA,NA,NA,607.53,0.168758333333333,607.53,0.168758333333333
"GUY","Guyana",NA,NA,NA,NA,644.93,0.179147222222222,644.93,0.179147222222222
"HKG","Hong Kong",NA,NA,NA,NA,675.48,0.187633333333333,675.48,0.187633333333333
"HND","Honduras",NA,NA,NA,NA,322.12,0.0894777777777778,322.12,0.0894777777777778
"HR","Croatia",3.4923929,342.7307769,98.1363743180213,0.0272601039772281,158.5,0.0440277777777778,98.1363743180213,0.0272601039772281
"HTI","Haiti",NA,NA,NA,NA,534.88,0.148577777777778,534.88,0.148577777777778
"HU","Hungary",7.5246,366.558172,48.7146389176833,0.0135318441438009,163.02,0.0452833333333333,48.7146389176833,0.0135318441438009
"IDN","Indonesia",NA,NA,NA,NA,680.25,0.188958333333333,680.25,0.188958333333333
"IE","Ireland",2.0956697,48.12513065,22.9640819113814,0.00637891164205038,256.54,0.0712611111111111,22.9640819113814,0.00637891164205038
"IN","India",419.5393249,240770.38091415,573.892282854627,0.159414523015174,670.13,0.186147222222222,573.892282854627,0.159414523015174
"IR","Iran",331.03,151896.78,458.861069993656,0.127461408331571,659.53,0.183202777777778,458.861069993656,0.127461408331571
"IRQ","Iraq",NA,NA,NA,NA,683.1,0.18975,683.1,0.18975
"IS","Iceland",0.292689800000001,7.80106715000002,26.6530201940758,0.0074036167205766,27.82,0.00772777777777778,26.6530201940758,0.0074036167205766
"ISR","Israel",NA,NA,NA,NA,492.69,0.136858333333333,492.69,0.136858333333333
"IT","Italy",20.7147613,777.595508,37.5382316377452,0.0104272865660403,284.78,0.0791055555555556,37.5382316377452,0.0104272865660403
"JAM","Jamaica",NA,NA,NA,NA,563.01,0.156391666666667,563.01,0.156391666666667
"JOR","Jordan",NA,NA,NA,NA,529.79,0.147163888888889,529.79,0.147163888888889
"JP","Japan",76.9242787,1848.1320296,24.0253410344945,0.00667370584291513,477.26,0.132572222222222,24.0253410344945,0.00667370584291513
"KE","Kenya",11.71,340.675,29.0926558497011,0.00808129329158364,95.44,0.0265111111111111,29.0926558497011,0.00808129329158364
"KG","Kyrgyzstan",14.6,2028.42,138.932876712329,0.0385924657534247,152.73,0.042425,138.932876712329,0.0385924657534247
"KHM","Cambodia",NA,NA,NA,NA,498.87,0.138575,498.87,0.138575
"KIR","Kiribati",NA,NA,NA,NA,500,0.138888888888889,500,0.138888888888889
"KNA","Saint Kitts and Nevis",NA,NA,NA,NA,608.7,0.169083333333333,608.7,0.169083333333333
"KR","South Korea",103.5586781,18526.461057,178.898199522305,0.0496939443117515,417.06,0.11585,178.898199522305,0.0496939443117515
"KW","Kuwait",52.21,25582.9,490,0.136111111111111,635.31,0.176475,490,0.136111111111111
"KZ","Kazakhstan",116.21,69806.34,600.691334652784,0.166858704070218,805.32,0.2237,600.691334652784,0.166858704070218
"LAO","Laos",NA,NA,NA,NA,232.08,0.0644666666666667,232.08,0.0644666666666667
"LBN","Lebanon",NA,NA,NA,NA,389.51,0.108197222222222,389.51,0.108197222222222
"LBR","Liberia",NA,NA,NA,NA,315.79,0.0877194444444444,315.79,0.0877194444444444
"LBY","Libya",NA,NA,NA,NA,826.83,0.229675,826.83,0.229675
"LCA","Saint Lucia",NA,NA,NA,NA,650,0.180555555555556,650,0.180555555555556
"LKA","Sri Lanka",NA,NA,NA,NA,329.28,0.0914666666666667,329.28,0.0914666666666667
"LSO","Lesotho",NA,NA,NA,NA,20.83,0.00578611111111111,20.83,0.00578611111111111
"LT","Lithuania",2.584801,214.489825,82.9811753399972,0.0230503264833325,138.36,0.0384333333333333,82.9811753399972,0.0230503264833325
"LU","Luxembourg",1.019025,31.5053215,30.917123230539,0.00858808978626083,123.38,0.0342722222222222,30.917123230539,0.00858808978626083
"LV","Latvia",1.6134811,46.72938705,28.9618434638001,0.00804495651772225,138.76,0.0385444444444444,28.9618434638001,0.00804495651772225
"MA","Morocco",39.38,21818.405,554.047866937532,0.153902185260426,596.4,0.165666666666667,554.047866937532,0.153902185260426
"MAC","Macao",NA,NA,NA,NA,474.36,0.131766666666667,474.36,0.131766666666667
"MD","Moldova",5.425932,2501.0355255,460.941184942974,0.128039218039715,633.12,0.175866666666667,460.941184942974,0.128039218039715
"MDG","Madagascar",NA,NA,NA,NA,432.1,0.120027777777778,432.1,0.120027777777778
"MDV","Maldives",NA,NA,NA,NA,611.77,0.169936111111111,611.77,0.169936111111111
"ME","Montenegro",3.337662,1143.3144715,342.549506660651,0.0951526407390696,264.23,0.0733972222222222,342.549506660651,0.0951526407390696
"MK","North Macedonia",1.544658,267.10719045,172.923191055884,0.0480342197377456,441.35,0.122597222222222,172.923191055884,0.0480342197377456
"MLI","Mali",NA,NA,NA,NA,538.59,0.149608333333333,538.59,0.149608333333333
"MMR","Myanmar",NA,NA,NA,NA,502.99,0.139719444444444,502.99,0.139719444444444
"MN","Mongolia",8.72,6511.685,746.752866972477,0.207431351936799,816.31,0.226752777777778,746.752866972477,0.207431351936799
"MOZ","Mozambique",NA,NA,NA,NA,129.36,0.0359333333333333,129.36,0.0359333333333333
"MRT","Mauritania",NA,NA,NA,NA,512.08,0.142244444444444,512.08,0.142244444444444
"MSR","Montserrat",NA,NA,NA,NA,1000,0.277777777777778,1000,0.277777777777778
"MT","Malta",0.1589319,18.4445658000001,116.053264322644,0.0322370178674011,484.02,0.13445,116.053264322644,0.0322370178674011
"MTQ","Martinique",NA,NA,NA,NA,529.8,0.147166666666667,529.8,0.147166666666667
"MUS","Mauritius",NA,NA,NA,NA,642.23,0.178397222222222,642.23,0.178397222222222
"MWI","Malawi",NA,NA,NA,NA,54.65,0.0151805555555556,54.65,0.0151805555555556
"MX","Mexico",62.9302412,23907.3100612,379.901770680008,0.105528269633336,474.02,0.131672222222222,379.901770680008,0.105528269633336
"MY","Malaysia",184.63,97795.42,529.683258408709,0.147134238446864,601.97,0.167213888888889,529.683258408709,0.147134238446864
"NAM","Namibia",NA,NA,NA,NA,48.78,0.01355,48.78,0.01355
"NCL","New Caledonia",NA,NA,NA,NA,560.9,0.155805555555556,560.9,0.155805555555556
"NER","Niger",NA,NA,NA,NA,673.68,0.187133333333333,673.68,0.187133333333333
"NG","Nigeria",31.46,11789.92,374.759059122695,0.104099738645193,455.71,0.126586111111111,374.759059122695,0.104099738645193
"NIC","Nicaragua",NA,NA,NA,NA,300.89,0.0835805555555555,300.89,0.0835805555555555
"NL","Netherlands",38.818619,1026.809524,26.4514696929327,0.00734763047025907,253.56,0.0704333333333333,26.4514696929327,0.00734763047025907
"NO","Norway",24.2332347,479.9328343,19.8047367692106,0.00550131576922516,28.11,0.00780833333333333,19.8047367692106,0.00550131576922516
"NPL","Nepal",NA,NA,NA,NA,24.26,0.00673888888888889,24.26,0.00673888888888889
"NRU","Nauru",NA,NA,NA,NA,600,0.166666666666667,600,0.166666666666667
"NZ","New Zealand",3.4673696,202.66922415,58.4504242495521,0.0162362289582089,92.76,0.0257666666666667,58.4504242495521,0.0162362289582089
"OM","Oman",45.12,22108.8,490,0.136111111111111,544.47,0.151241666666667,490,0.136111111111111
"OWID_AFR","Africa",NA,NA,NA,NA,544.13214,0.151147816666667,544.13214,0.151147816666667
"OWID_ASI","Asia",NA,NA,NA,NA,573.3573,0.159265916666667,573.3573,0.159265916666667
"OWID_EU27","European Union (27)",NA,NA,NA,NA,209.89671,0.0583046416666667,209.89671,0.0583046416666667
"OWID_EUR","Europe",NA,NA,NA,NA,271.19,0.0753305555555556,271.19,0.0753305555555556
"OWID_HIC","High-income countries",NA,NA,NA,NA,368.63446,0.102398461111111,368.63446,0.102398461111111
"OWID_KOS","Kosovo",NA,NA,NA,NA,900.94,0.250261111111111,900.94,0.250261111111111
"OWID_LIC","Low-income countries",NA,NA,NA,NA,282.3254,0.0784237222222222,282.3254,0.0784237222222222
"OWID_LMC","Lower-middle-income countries",NA,NA,NA,NA,620.1889,0.172274694444444,620.1889,0.172274694444444
"OWID_NAM","North America",NA,NA,NA,NA,369.1179,0.10253275,369.1179,0.10253275
"OWID_OCE","Oceania",NA,NA,NA,NA,494.82062,0.137450172222222,494.82062,0.137450172222222
"OWID_SAM","South America",NA,NA,NA,NA,166.83075,0.046341875,166.83075,0.046341875
"OWID_UMC","Upper-middle-income countries",NA,NA,NA,NA,532.12823,0.147813397222222,532.12823,0.147813397222222
"OWID_WRL","World",NA,NA,NA,NA,458.29,0.127302777777778,458.29,0.127302777777778
"PAN","Panama",NA,NA,NA,NA,221.15,0.0614305555555556,221.15,0.0614305555555556
"PE","Peru",59.7,12281.725,205.724036850921,0.0571455657919226,238.25,0.0661805555555556,205.724036850921,0.0571455657919226
"PH","Philippines",120.13,71408.575,594.427495213519,0.165118748670422,588.29,0.163413888888889,594.427495213519,0.165118748670422
"PK","Pakistan",141.35,36227.87,256.299044923948,0.071194179145541,346.56,0.0962666666666667,256.299044923948,0.071194179145541
"PL","Poland",31.2078139,3523.1634176,112.89363070702,0.0313593418630611,588.6,0.1635,112.89363070702,0.0313593418630611
"PNG","Papua New Guinea",NA,NA,NA,NA,513.74,0.142705555555556,513.74,0.142705555555556
"PR","Puerto Rico",9.98,5654.005,566.533567134269,0.157370435315075,654.66,0.18185,566.533567134269,0.157370435315075
"PRK","North Korea",NA,NA,NA,NA,340.59,0.0946083333333333,340.59,0.0946083333333333
"PRY","Paraguay",NA,NA,NA,NA,24.7,0.00686111111111111,24.7,0.00686111111111111
"PSE","Palestine",NA,NA,NA,NA,414.14,0.115038888888889,414.14,0.115038888888889
"PT","Portugal",15.1242035,480.559972,31.7742334001258,0.0088261759444794,127.91,0.0355305555555556,31.7742334001258,0.0088261759444794
"PYF","French Polynesia",NA,NA,NA,NA,430.56,0.1196,430.56,0.1196
"QA","Qatar",59.49,29150.1,490,0.136111111111111,581.52,0.161533333333333,490,0.136111111111111
"REU","Reunion",NA,NA,NA,NA,394.14,0.109483333333333,394.14,0.109483333333333
"RO","Romania",2.248201,374.496224,166.575952950826,0.0462710980418961,250.75,0.0696527777777778,166.575952950826,0.0462710980418961
"RS","Serbia",1.919277,434.0811355,226.169091538116,0.0628247476494766,695.8,0.193277777777778,226.169091538116,0.0628247476494766
"RU","Russia",1152.36,428325.55,371.694218820508,0.103248394116808,449.73,0.124925,371.694218820508,0.103248394116808
"RWA","Rwanda",NA,NA,NA,NA,353.98,0.0983277777777778,353.98,0.0983277777777778
"SAU","Saudi Arabia",NA,NA,NA,NA,691.95,0.192208333333333,691.95,0.192208333333333
"SDN","Sudan",NA,NA,NA,NA,153.69,0.0426916666666667,153.69,0.0426916666666667
"SE","Sweden",24.1663706,481.0694925,19.9065677036336,0.00552960213989822,35.26,0.00979444444444444,19.9065677036336,0.00552960213989822
"SEN","Senegal",NA,NA,NA,NA,539.97,0.149991666666667,539.97,0.149991666666667
"SG","Singapore",58.26,27981.64,480.289049090285,0.133413624747301,497.09,0.138080555555556,480.289049090285,0.133413624747301
"SHN","Saint Helena",NA,NA,NA,NA,1000,0.277777777777778,1000,0.277777777777778
"SI","Slovenia",1.824799,66.57466225,36.4832851453776,0.010134245873716,183.29,0.0509138888888889,36.4832851453776,0.010134245873716
"SK","Slovakia",3.886,51.72,13.309315491508,0.00369703208097444,94.85,0.0263472222222222,13.309315491508,0.00369703208097444
"SLB","Solomon Islands",NA,NA,NA,NA,636.36,0.176766666666667,636.36,0.176766666666667
"SLE","Sierra Leone",NA,NA,NA,NA,47.62,0.0132277777777778,47.62,0.0132277777777778
"SOM","Somalia",NA,NA,NA,NA,511.63,0.142119444444444,511.63,0.142119444444444
"SPM","Saint Pierre and Miquelon",NA,NA,NA,NA,600,0.166666666666667,600,0.166666666666667
"SSD","South Sudan",NA,NA,NA,NA,642.86,0.178572222222222,642.86,0.178572222222222
"STP","Sao Tome and Principe",NA,NA,NA,NA,555.56,0.154322222222222,555.56,0.154322222222222
"SUR","Suriname",NA,NA,NA,NA,321.84,0.0894,321.84,0.0894
"SV","El Salvador",7.76,1209.55,155.869845360825,0.0432971792668958,139.32,0.0387,155.869845360825,0.0432971792668958
"SWZ","Eswatini",NA,NA,NA,NA,131.15,0.0364305555555556,131.15,0.0364305555555556
"SYC","Seychelles",NA,NA,NA,NA,555.56,0.154322222222222,555.56,0.154322222222222
"SYR","Syria",NA,NA,NA,NA,706.19,0.196163888888889,706.19,0.196163888888889
"TCA","Turks and Caicos Islands",NA,NA,NA,NA,629.63,0.174897222222222,629.63,0.174897222222222
"TCD","Chad",NA,NA,NA,NA,621.62,0.172672222222222,621.62,0.172672222222222
"TGO","Togo",NA,NA,NA,NA,422.54,0.117372222222222,422.54,0.117372222222222
"TH","Thailand",199.3,94561.795,474.469618665329,0.131797116295925,545.74,0.151594444444444,474.469618665329,0.131797116295925
"TJ","Tajikistan",22.06,1607.74,72.8803263825929,0.0202445351062758,72.56,0.0201555555555556,72.8803263825929,0.0202445351062758
"TKM","Turkmenistan",NA,NA,NA,NA,1306.27,0.362852777777778,1306.27,0.362852777777778
"TLS","East Timor",NA,NA,NA,NA,666.67,0.185186111111111,666.67,0.185186111111111
"TN","Tunisia",18.6,8960.88,481.767741935484,0.133824372759857,560.29,0.155636111111111,481.767741935484,0.133824372759857
"TON","Tonga",NA,NA,NA,NA,571.43,0.158730555555556,571.43,0.158730555555556
"TR","Turkey",53.79211,11965.605162,222.441639898491,0.0617893444162474,474.74,0.131872222222222,222.441639898491,0.0617893444162474
"TTO","Trinidad and Tobago",NA,NA,NA,NA,681.68,0.189355555555556,681.68,0.189355555555556
"TW","Taiwan",51.596344082582,16019.1023304904,310.469716708051,0.0862415879744586,633.21,0.175891666666667,310.469716708051,0.0862415879744586
"TZA","Tanzania",NA,NA,NA,NA,345.02,0.0958388888888889,345.02,0.0958388888888889
"UGA","Uganda",NA,NA,NA,NA,58.52,0.0162555555555556,58.52,0.0162555555555556
"UKR","Ukraine",NA,NA,NA,NA,250.47,0.069575,250.47,0.069575
"US","United States",627.4519578,153366.432384,244.427370856791,0.0678964919046641,384.4,0.106777777777778,244.427370856791,0.0678964919046641
"US-AK","Alaska",6.71548,2840.10809,422.919596216503,0.117477665615695,384.4,0.106777777777778,422.919596216503,0.117477665615695
"US-AL","Alabama",142.91582,49624.50512,347.228915035438,0.0964524763987329,384.4,0.106777777777778,347.228915035438,0.0964524763987329
"US-AR","Arkansas",62.04657,25385.6319,409.138360105966,0.113649544473879,384.4,0.106777777777778,409.138360105966,0.113649544473879
"US-AZ","Arizona",121.69639,36390.88174,299.030084129858,0.0830639122582938,384.4,0.106777777777778,299.030084129858,0.0830639122582938
"US-CA","California",245.81944,48055.74851,195.492059171561,0.0543033497698781,384.4,0.106777777777778,195.492059171561,0.0543033497698781
"US-CO","Colorado",60.83798,22903.969295,376.474848359528,0.104576346766536,384.4,0.106777777777778,376.474848359528,0.104576346766536
"US-CT","Connecticut",45.79678,13076.74708,285.538570178951,0.0793162694941532,384.4,0.106777777777778,285.538570178951,0.0793162694941532
"US-DC","District of Columbia",0.4441,62.65142,141.075028146814,0.0391875078185594,384.4,0.106777777777778,141.075028146814,0.0391875078185594
"US-DE","Delaware",4.78086,2209.382445,462.130755763607,0.12836965437878,384.4,0.106777777777778,462.130755763607,0.12836965437878
"US-FL","Florida",268.62447,108681.85516,404.586578281569,0.112385160633769,384.4,0.106777777777778,404.586578281569,0.112385160633769
"US-GA","Georgia",140.29038,43789.96112,312.138017731508,0.0867050049254189,145.93,0.0405361111111111,312.138017731508,0.0867050049254189
"US-HI","Hawaii",10.57353,5067.03796,479.219140627586,0.133116427952107,384.4,0.106777777777778,479.219140627586,0.133116427952107
"US-IA","Iowa",70.94293,17267.38522,243.398252933731,0.0676106258149254,384.4,0.106777777777778,243.398252933731,0.0676106258149254
"US-ID","Idaho",20.24274,3399.801935,167.951667363213,0.0466532409342257,384.4,0.106777777777778,167.951667363213,0.0466532409342257
"US-IL","Illinois",186.33242,38602.10009,207.167921127198,0.0575466447575551,384.4,0.106777777777778,207.167921127198,0.0575466447575551
"US-IN","Indiana",94.85432,53141.18483,560.240006253801,0.155622223959389,384.4,0.106777777777778,560.240006253801,0.155622223959389
"US-KS","Kansas",57.85761,13866.34291,239.663251039924,0.0665731252888677,384.4,0.106777777777778,239.663251039924,0.0665731252888677
"US-KY","Kentucky",67.10029,45381.44616,676.322653150977,0.187867403653049,384.4,0.106777777777778,676.322653150977,0.187867403653049
"US-LA","Louisiana",98.05868,40216.19746,410.123789755277,0.113923274932021,384.4,0.106777777777778,410.123789755277,0.113923274932021
"US-MA","Massachusetts",24.0562,8371.550845,347.999719199209,0.0966665886664468,384.4,0.106777777777778,347.999719199209,0.0966665886664468
"US-MD","Maryland",36.56575,9334.13608,255.26992007548,0.0709083111320779,384.4,0.106777777777778,255.26992007548,0.0709083111320779
"US-ME","Maine",15.38984,3391.996165,220.404901220545,0.0612235836723738,384.4,0.106777777777778,220.404901220545,0.0612235836723738
"US-MI","Michigan",123.50601,50001.590085,404.851473098354,0.11245874252732,384.4,0.106777777777778,404.851473098354,0.11245874252732
"US-MN","Minnesota",58.68798,17635.39859,300.494216873711,0.083470615798253,384.4,0.106777777777778,300.494216873711,0.083470615798253
"US-MO","Missouri",67.61787,36682.00098,542.489743909413,0.150691595530393,384.4,0.106777777777778,542.489743909413,0.150691595530393
"US-MS","Mississippi",77.37024,32366.91808,418.338085548138,0.116205023763372,384.4,0.106777777777778,418.338085548138,0.116205023763372
"US-MT","Montana",26.71884,9098.80714,340.539003190258,0.0945941675528495,384.4,0.106777777777778,340.539003190258,0.0945941675528495
"US-NC","North Carolina",135.65337,42565.480695,313.78122559727,0.0871614515547973,384.4,0.106777777777778,313.78122559727,0.0871614515547973
"US-ND","North Dakota",42.4951,20456.71767,481.390034851077,0.133719454125299,384.4,0.106777777777778,481.390034851077,0.133719454125299
"US-NE","Nebraska",37.28651,14369.678575,385.385453747213,0.107051514929781,384.4,0.106777777777778,385.385453747213,0.107051514929781
"US-NH","New Hampshire",17.2542,2555.574235,148.113168677771,0.0411425468549364,384.4,0.106777777777778,148.113168677771,0.0411425468549364
"US-NJ","New Jersey",63.02423,15121.56401,239.93254673639,0.0666479296489973,384.4,0.106777777777778,239.93254673639,0.0666479296489973
"US-NM","New Mexico",40.50706,13044.934025,322.040997914931,0.0894558327541476,384.4,0.106777777777778,322.040997914931,0.0894558327541476
"US-NV","Nevada",47.68917,15044.546965,315.470933232849,0.0876308147869026,384.4,0.106777777777778,315.470933232849,0.0876308147869026
"US-NY","New York",132.54092,32190.423915,242.871589506094,0.0674643304183594,384.4,0.106777777777778,242.871589506094,0.0674643304183594
"US-OH","Ohio",142.39747,67658.02674,475.135033930027,0.131981953869452,384.4,0.106777777777778,475.135033930027,0.131981953869452
"US-OK","Oklahoma",94.27723,28943.04601,306.999325393841,0.0852775903871781,384.4,0.106777777777778,306.999325393841,0.0852775903871781
"US-OR","Oregon",65.26623,13110.81999,200.882140580205,0.0558005946056125,384.4,0.106777777777778,200.882140580205,0.0558005946056125
"US-PA","Pennsylvania",241.0724,82357.08224,341.628001546423,0.0948966670962287,384.4,0.106777777777778,341.628001546423,0.0948966670962287
"US-RI","Rhode Island",10.05849,4357.666,433.232622391631,0.120342395108787,384.4,0.106777777777778,433.232622391631,0.120342395108787
"US-SC","South Carolina",101.07689,25928.49356,256.522470764583,0.0712562418790509,384.4,0.106777777777778,256.522470764583,0.0712562418790509
"US-SD","South Dakota",20.87944,2666.16605,127.693369649761,0.0354703804582669,384.4,0.106777777777778,127.693369649761,0.0354703804582669
"US-TN","Tennessee",76.24114,23101.965555,303.011806421048,0.0841699462280688,384.4,0.106777777777778,303.011806421048,0.0841699462280688
"US-TX","Texas",569.06681,201668.44148,354.384472853021,0.0984401313480613,384.4,0.106777777777778,354.384472853021,0.0984401313480613
"US-UT","Utah",35.97471,19166.4376,532.775319106117,0.147993144196143,384.4,0.106777777777778,532.775319106117,0.147993144196143
"US-VA","Virginia",103.60035,32383.42045,312.580222460638,0.0868278395723996,384.4,0.106777777777778,312.580222460638,0.0868278395723996
"US-VT","Vermont",2.50335,59.773455,23.8773863023548,0.00663260730620968,384.4,0.106777777777778,23.8773863023548,0.00663260730620968
"US-WA","Washington",102.73673,12963.013845,126.177014247971,0.0350491706244365,384.4,0.106777777777778,126.177014247971,0.0350491706244365
"US-WI","Wisconsin",65.62369,30283.817065,461.476900567463,0.128188027935406,384.4,0.106777777777778,461.476900567463,0.128188027935406
"US-WV","West Virginia",50.62353,37348.45664,737.768714271802,0.204935753964389,384.4,0.106777777777778,737.768714271802,0.204935753964389
"US-WY","Wyoming",40.32771,22833.56414,566.200365455911,0.157277879293309,384.4,0.106777777777778,566.200365455911,0.157277879293309
"UY","Uruguay",14.18,247.72,17.4696755994358,0.00485268766650995,80.4,0.0223333333333333,17.4696755994358,0.00485268766650995
"UZB","Uzbekistan",NA,NA,NA,NA,1000,0.277777777777778,1000,0.277777777777778
"VCT","Saint Vincent and the Grenadines",NA,NA,NA,NA,600,0.166666666666667,600,0.166666666666667
"VEN","Venezuela",NA,NA,NA,NA,85.86,0.02385,85.86,0.02385
"VGB","British Virgin Islands",NA,NA,NA,NA,647.06,0.179738888888889,647.06,0.179738888888889
"VIR","United States Virgin Islands",NA,NA,NA,NA,632.35,0.175652777777778,632.35,0.175652777777778
"VN","Vietnam",308.26,136428.62,442.576461428664,0.122937905952407,460.73,0.127980555555556,442.576461428664,0.122937905952407
"VUT","Vanuatu",NA,NA,NA,NA,500,0.138888888888889,500,0.138888888888889
"W","The World",29019.11,11798651.235,406.582118989866,0.112939477497185,NA,NA,406.582118989866,0.112939477497185
"WSM","Samoa",NA,NA,NA,NA,375,0.104166666666667,375,0.104166666666667
"YEM","Yemen",NA,NA,NA,NA,592.38,0.16455,592.38,0.16455
"ZA","South Africa",232.47,160875.455,692.026734632426,0.192229648509007,699.29,0.194247222222222,692.026734632426,0.192229648509007
"ZMB","Zambia",NA,NA,NA,NA,119.68,0.0332444444444444,119.68,0.0332444444444444
"ZWE","Zimbabwe",NA,NA,NA,NA,384.02,0.106672222222222,384.02,0.106672222222222
