country,year,base,flex
Austria,2015,1.03730798363686,1.21140773625362
Belgium,2015,1.03415511477443,1.18687654453164
Czechia,2015,1.03651978750985,1.21078994466251
Denmark,2015,1.03494793640421,1.19820281597328
Estonia,2015,1.04121361621364,1.2732354855329
Finland,2015,1.04014651068994,1.26647235505101
France,2015,1.03321602394744,1.1631859496734
Germany,2015,1.03730798363686,1.21140773625362
Greece,2015,1.02073291393861,1.08785919529333
Hungary,2015,1.04033394951743,1.21480106219524
Italy,2015,1.02361355546215,1.13174969005992
Latvia,2015,1.04699851865082,1.23656908431892
Lithuania,2015,1.04671576091671,1.23649373842704
Luxembourg,2015,1.03730798363686,1.21140773625362
Netherlands,2015,1.03091167121911,1.17296282519378
Norway,2015,1.01502448594803,1.07235500204852
Poland,2015,1.0192961747655,1.12905333301358
Portugal,2015,1.02297977986721,1.11811791182724
Romania,2015,1.04273040598324,1.2187081535092
Slovakia,2015,1.03835804832213,1.22166449133925
Slovenia,2015,1.04191771768846,1.21903500691148
Spain,2015,1.02359634009141,1.12067093151716
Sweden,2015,1.02301448880396,1.13045963036219
Switzerland,2015,1.02835417093251,1.13627762197197
Austria,2016,1.0342936012967,1.19370388839472
Belgium,2016,1.03526748523105,1.20199718095808
Czechia,2016,1.03402267778519,1.20131697395949
Denmark,2016,1.02515503704621,1.13672110995425
Estonia,2016,1.02979166890243,1.18759790183677
Finland,2016,1.02881945731351,1.18537116581065
France,2016,1.0334628787043,1.17912159708989
Germany,2016,1.0342936012967,1.19370388839472
Greece,2016,1.01796522918148,1.07238241842471
Hungary,2016,1.03484460153886,1.18824978553975
Italy,2016,1.02310913955158,1.13231808135243
Latvia,2016,1.03201807302967,1.20205400798079
Lithuania,2016,1.0327152116224,1.20914586879668
Luxembourg,2016,1.0342936012967,1.19370388839472
Netherlands,2016,1.02891154010813,1.18541170160923
Norway,2016,1.01255426382706,1.07043115247289
Poland,2016,1.02586911008469,1.17685757142838
Portugal,2016,1.0220640288038,1.10941828138904
Romania,2016,1.03832803211617,1.20129241123383
Slovakia,2016,1.03456352474127,1.20569233311272
Slovenia,2016,1.03443711144999,1.18264248667403
Spain,2016,1.02267772559225,1.11227508507793
Sweden,2016,1.02228392179355,1.13101694345113
Switzerland,2016,1.02810646113383,1.13721719387322
Bulgaria,2016,1.02108006500604,1.13310876643575
Serbia,2016,1.00571354678928,1.02643418042856
Austria,2017,1.03919429455042,1.21562129725427
Belgium,2017,1.03213372192932,1.18486672909784
Bulgaria,2017,1.04013313231435,1.26509518173706
Czechia,2017,1.03867946199328,1.22107170960903
Denmark,2017,1.03096461191824,1.15534822776939
Estonia,2017,1.02327940602821,1.14662728458397
Finland,2017,1.02321527664436,1.146179794603
France,2017,1.02989059773595,1.15579000910441
Germany,2017,1.03919429455042,1.21562129725427
Greece,2017,1.01826558984098,1.10811809555476
Hungary,2017,1.04292003376271,1.23144447626685
Italy,2017,1.02302998084882,1.13434520694888
Latvia,2017,1.02534550119253,1.15685735437551
Lithuania,2017,1.02619420792196,1.16369880835963
Luxembourg,2017,1.03919429455042,1.21562129725427
Netherlands,2017,1.02604149069147,1.17192912427532
Norway,2017,1.01011043507428,1.04943849267027
Poland,2017,1.02423038582525,1.15630619871278
Portugal,2017,1.01676448704931,1.08588644335581
Romania,2017,1.04768595244084,1.25069613668916
Serbia,2017,1.03808522627446,1.19310603497323
Slovakia,2017,1.04345316872679,1.25951253802867
Slovenia,2017,1.0385442965188,1.20261073045182
Spain,2017,1.01834965621228,1.09139508528182
Sweden,2017,1.0194821601265,1.10787984307719
Switzerland,2017,1.02412148983162,1.12564495888977
United Kingdom,2017,1.02548096441449,1.16968881529577
Croatia,2017,1.03911878266578,1.21918063104172
Austria,2018,1.02141943226024,1.11485838788471
Belgium,2018,1.03008328937773,1.16979678397502
Bulgaria,2018,1.03879652875422,1.22581430518632
Croatia,2018,1.03144994814682,1.16772813742296
Czechia,2018,1.03158964268562,1.174362674643
Denmark,2018,1.02755386911449,1.1412451413615
Estonia,2018,1.02200612295368,1.13184241114213
Finland,2018,1.02129045608606,1.12667484576377
France,2018,1.02890573029946,1.15125739946027
Germany,2018,1.02568600392388,1.13972318373995
Greece,2018,1.01249413880813,1.05397289688829
Hungary,2018,1.03285140560206,1.17325358517042
Italy,2018,1.0210200067681,1.11240008750827
Latvia,2018,1.02528862068237,1.15390420471365
Lithuania,2018,1.02563892406292,1.15644073434872
Luxembourg,2018,1.02568600392388,1.13972318373995
Netherlands,2018,1.02545756970017,1.15536883512633
Norway,2018,1.01279738919039,1.06125399567102
Poland,2018,1.02367055069174,1.16090217016095
Portugal,2018,1.01536595770781,1.07435692344508
Romania,2018,1.04376141843075,1.22573182885798
Serbia,2018,1.03071326977339,1.15378285969823
Slovakia,2018,1.03355915714805,1.18135241297414
Slovenia,2018,1.0317704863758,1.16596387550741
Spain,2018,1.01629284727891,1.07815574857718
Sweden,2018,1.01819008518438,1.09344036946276
Switzerland,2018,1.02236934723979,1.11232570724081
United Kingdom,2018,1.02132858894676,1.14040116427713
Ireland,2018,1.03347728434543,1.21100712446107
Austria,2019,1.02741065902672,1.14877626256893
Belgium,2019,1.03399141945916,1.1754134999719
Bulgaria,2019,1.03870764450506,1.21683935463491
Croatia,2019,1.03370261992597,1.18477156657179
Czechia,2019,1.03110959948569,1.17270947670667
Denmark,2019,1.02917106614992,1.14720598291161
Estonia,2019,1.03173030261601,1.18322925672945
Finland,2019,1.02926248369797,1.16659596794635
France,2019,1.03069283200814,1.15785001187653
Germany,2019,1.03354619621762,1.17982558333458
Greece,2019,1.02187174355132,1.08771844902727
Hungary,2019,1.03566763069694,1.19109826561814
Ireland,2019,1.03711920919323,1.23595800551126
Italy,2019,1.02284563722276,1.13448450709596
Latvia,2019,1.03207846953194,1.18352744467163
Lithuania,2019,1.03240185972184,1.18446987937524
Luxembourg,2019,1.03354619621762,1.17982558333458
Netherlands,2019,1.02446681442191,1.14629493212353
Norway,2019,1.00926621650831,1.04675139920164
Poland,2019,1.02008790190337,1.10755189258865
Portugal,2019,1.01632899349724,1.08192663235326
Romania,2019,1.03986543673481,1.21177476502938
Serbia,2019,1.03362119117146,1.16847616792969
Slovakia,2019,1.03207780393012,1.18145695622764
Slovenia,2019,1.03307993150737,1.17790240648023
Spain,2019,1.0169523599089,1.08488245783991
Sweden,2019,1.02048191823815,1.09010247965216
Switzerland,2019,1.02309187611097,1.11808277016729
United Kingdom,2019,1.02593081283891,1.16032273370926
Austria,2020,1.03344849985443,1.18028626117298
Belgium,2020,1.03958993993659,1.21586550620759
Bulgaria,2020,1.03792675221545,1.1921079043225
Croatia,2020,1.03363078598753,1.18901862175198
Czechia,2020,1.03609631199798,1.20409214660111
Denmark,2020,1.04885902600217,1.27688686101582
Estonia,2020,1.06054582554038,1.35219844104474
Finland,2020,1.05777779094314,1.35584615857784
France,2020,1.03540093211797,1.18528511103958
Germany,2020,1.04501023957803,1.23601417346229
Greece,2020,1.03160037242807,1.17388593149788
Hungary,2020,1.03520258073494,1.19998296679447
Ireland,2020,1.04775693482639,1.28794739353261
Italy,2020,1.02795409809317,1.16068390280216
Latvia,2020,1.05902031500847,1.3394421100423
Lithuania,2020,1.05897166759238,1.3398200108532
Luxembourg,2020,1.04501023957803,1.23601417346229
Netherlands,2020,1.03766004098295,1.21943235249545
Norway,2020,1.0168597287317,1.07917868105864
Poland,2020,1.02154337671955,1.11896441556516
Portugal,2020,1.02183850275516,1.11263878653254
Romania,2020,1.03611240224942,1.20430590633011
Serbia,2020,1.03367854585342,1.17891824361055
Slovakia,2020,1.03644189490167,1.208522884515
Slovenia,2020,1.03293468174552,1.18077152037037
Spain,2020,1.02236626073126,1.11537076620522
Sweden,2020,1.04808693017729,1.29675758924048
Switzerland,2020,1.02811162760607,1.14705524512689
United Kingdom,2020,1.03725804525259,1.21855802828425
Austria,2021,1.02801648795936,1.15392348960227
Belgium,2021,1.03393759999168,1.18856344281642
Bulgaria,2021,1.03599989355117,1.1875738681488
Croatia,2021,1.03198910358534,1.16128062165562
Czechia,2021,1.03344310139711,1.19210997092978
Denmark,2021,1.03659980945237,1.21354599042715
Estonia,2021,1.04455523450514,1.26009185280738
Finland,2021,1.04695871947088,1.28805631584276
France,2021,1.03065078051448,1.16010514576831
Germany,2021,1.03473444319021,1.19616183327197
Greece,2021,1.02866583442926,1.14954482685016
Hungary,2021,1.03324657299786,1.18293481532826
Ireland,2021,1.03093160405092,1.19480422218182
Italy,2021,1.01976021009959,1.10963714293539
Latvia,2021,1.04283820516557,1.24967384008252
Lithuania,2021,1.04241990119587,1.24752605194494
Luxembourg,2021,1.03473444319021,1.19616183327197
Netherlands,2021,1.03336412603602,1.1928232911982
Norway,2021,1.01821681016471,1.10448297468036
Poland,2021,1.0233118180045,1.14472202461834
Portugal,2021,1.01955062970814,1.10350653778251
Romania,2021,1.03835840489626,1.20448262601646
Serbia,2021,1.03047205577171,1.1580149206782
Slovakia,2021,1.03418574338562,1.19557854887597
Slovenia,2021,1.03100962618995,1.15939907235881
Spain,2021,1.01994740578769,1.10483720119464
Sweden,2021,1.04124647330592,1.2473447747742
Switzerland,2021,1.02268655751067,1.1201896798683
United Kingdom,2021,1.02982147863739,1.20213916564369
Austria,2022,1.02452272638849,1.13542098678168
Belgium,2022,1.0342716886615,1.18939130660251
Bulgaria,2022,1.03765728462793,1.21630835827486
Croatia,2022,1.02935376664891,1.16230122674445
Czechia,2022,1.03070679273874,1.17982917029524
Denmark,2022,1.03467996436698,1.20506218750211
Estonia,2022,1.05255973312362,1.29001404910939
Finland,2022,1.06024354648891,1.32530174217524
France,2022,1.02557419739326,1.1414915092615
Germany,2022,1.03287045886551,1.19176167417269
Greece,2022,1.0299281517267,1.1705784114449
Hungary,2022,1.02961424267307,1.17189381055417
Ireland,2022,1.02830843032203,1.16564139058533
Italy,2022,1.02048635040429,1.11603472234911
Latvia,2022,1.04485426654138,1.23236451910938
Lithuania,2022,1.04328921996035,1.22692137201707
Luxembourg,2022,1.03287045886551,1.19176167417269
Netherlands,2022,1.03578888877308,1.19953930138624
Norway,2022,1.02155162901276,1.11740956768011
Poland,2022,1.02937213417427,1.19582566515149
Portugal,2022,1.021903706083,1.13269395013714
Romania,2022,1.03555233067532,1.20107630091665
Serbia,2022,1.02751257478361,1.14759538330929
Slovakia,2022,1.03067072376528,1.17754433212782
Slovenia,2022,1.02743837330557,1.15317541617865
Spain,2022,1.02228227872489,1.13506298612721
Sweden,2022,1.05835454216549,1.3390186259334
Switzerland,2022,1.01970533907194,1.10670356836058
United Kingdom,2022,1.02684709669765,1.16981381458587
Austria,2023,1.03297833580272,1.18591424085635
Belgium,2023,1.0386812216406,1.21359048492692
Bulgaria,2023,1.04538709086154,1.26301165070814
Croatia,2023,1.03945834465175,1.22394497465273
Czechia,2023,1.03682284973592,1.21106330157861
Denmark,2023,1.04321849782991,1.24883528875288
Estonia,2023,1.05304021121682,1.31502333155323
Finland,2023,1.05321486730029,1.32236048836229
France,2023,1.0361040130226,1.20224977753898
Germany,2023,1.04102051107118,1.22713601228783
Greece,2023,1.03774800005713,1.21105259993195
Hungary,2023,1.03818001494069,1.22719264388917
Ireland,2023,1.02545307028856,1.15619885718844
Italy,2023,1.02331075286685,1.13279429867283
Latvia,2023,1.05088322905586,1.29189110009008
Lithuania,2023,1.05083150382039,1.29055974289592
Luxembourg,2023,1.04102051107118,1.22713601228783
Netherlands,2023,1.04730369462771,1.24869571731643
Norway,2023,1.02582491637656,1.13386851177192
Poland,2023,1.0263176098632,1.15552780058156
Portugal,2023,1.03143737005618,1.19614761298065
Romania,2023,1.04546006766873,1.26314635516257
Serbia,2023,1.03513135079989,1.20856681425652
Slovakia,2023,1.03696200641785,1.21700816265147
Slovenia,2023,1.03639031427645,1.20751678960741
Spain,2023,1.03378063211747,1.21198853247969
Sweden,2023,1.04670063470694,1.27443996987424
Switzerland,2023,1.02552959508619,1.1369769230185
United Kingdom,2023,1.0298524967929,1.17284894221893
Montenegro,2023,1.03281781448842,1.19450722995665
North Macedonia,2023,1.03354135533739,1.19849442717691
Austria,2024,1.04314483291024,1.25307235371915
Belgium,2024,1.05188441852742,1.29578957899675
Bulgaria,2024,1.04884541166384,1.33928733217911
Croatia,2024,1.04631627656747,1.3068913080249
Czechia,2024,1.04686657632787,1.28588374785076
Denmark,2024,1.05046355487492,1.314303280272
Estonia,2024,1.05864013665287,1.38188080024914
Finland,2024,1.06101650101783,1.39679056614084
France,2024,1.05087683675841,1.30313229515829
Germany,2024,1.05159996449918,1.299704730156
Greece,2024,1.04676087309127,1.29204789167791
Hungary,2024,1.05097427978265,1.35102660608361
Ireland,2024,1.03265558236444,1.2185714352477
Italy,2024,1.02389711538435,1.14002036549854
Latvia,2024,1.05741012694518,1.37100010330829
Lithuania,2024,1.05732301012262,1.37067367973699
Luxembourg,2024,1.05159996449918,1.299704730156
Montenegro,2024,1.03268264415242,1.21506474554181
Netherlands,2024,1.05645986767963,1.31843918987252
Norway,2024,1.03084808383586,1.17431195310188
Poland,2024,1.04229306759822,1.25679304958509
Portugal,2024,1.04179576174611,1.27464009016302
Romania,2024,1.04926381568599,1.34400034747861
Serbia,2024,1.03860359839995,1.27540155691011
Slovakia,2024,1.04807198157158,1.30906897741319
Slovenia,2024,1.04570978944985,1.29325996603131
Spain,2024,1.04329467603712,1.2861018578265
Sweden,2024,1.05241630622624,1.31447806466492
Switzerland,2024,1.03614020649778,1.18509145515231
United Kingdom,2024,1.03237255312648,1.18725304731688
Austria,2025,1.04616638360381,1.25828237326487
Belgium,2025,1.05615586636285,1.30435023261737
Bulgaria,2025,1.05311955114736,1.32978152266762
Croatia,2025,1.04872583924069,1.28912862184436
Czechia,2025,1.04960735057956,1.28850476278992
Denmark,2025,1.05280399910694,1.32159594091904
Estonia,2025,1.06591698211339,1.45783154030602
Finland,2025,1.07111676383131,1.4734305107868
France,2025,1.05522120454234,1.33689082334918
Germany,2025,1.05422519170589,1.30550205681145
Greece,2025,1.05581309427374,1.33783329228698
Hungary,2025,1.05101168093061,1.3129813404717
Ireland,2025,1.03290922387202,1.22773831979709
Italy,2025,1.01432834462735,1.08111809461424
Latvia,2025,1.06257092021114,1.42440928255999
Lithuania,2025,1.0630105354704,1.42681160350056
Luxembourg,2025,1.05422519170589,1.30550205681145
Montenegro,2025,1.03365647057393,1.20682570802808
Netherlands,2025,1.05720967838806,1.31509669164208
Norway,2025,1.02509836087216,1.14458055334636
Poland,2025,1.04799923049259,1.27102992519899
Portugal,2025,1.05453453559147,1.36235317947135
Romania,2025,1.05109155301813,1.31785372970056
Serbia,2025,1.02664260698339,1.1711561446202
Slovakia,2025,1.04964447394327,1.29406175362178
Slovenia,2025,1.04805978577993,1.2809772972756
Spain,2025,1.05685700606255,1.38112129793791
Sweden,2025,1.06029502133861,1.38307604080532
Switzerland,2025,1.0355730254452,1.18598585603024
United Kingdom,2025,1.03144417480061,1.19206902484588
Albania,2025,1.04206308129773,1.27222636810807
Austria,2026,1.05360386304074,1.28246762701978
Belgium,2026,1.05852589095028,1.32013972035443
Bulgaria,2026,1.05893355546814,1.35365966049647
Croatia,2026,1.05712543071196,1.31908677071123
Czechia,2026,1.05824696056825,1.31804367763972
Denmark,2026,1.05309770518618,1.31379085620223
Estonia,2026,1.05483890453193,1.38878754239213
Finland,2026,1.04780390198181,1.29631318859162
France,2026,1.06843657731049,1.40023341144602
Germany,2026,1.06322840177381,1.34113565776202
Greece,2026,1.06877216279874,1.41783101943533
Hungary,2026,1.06089446368067,1.34793797076091
Ireland,2026,1.02741905388859,1.18483361363984
Italy,2026,1.0287760427813,1.1481909562864
Latvia,2026,1.05416705918544,1.37781911944203
Lithuania,2026,1.05429433061505,1.37105543980872
Luxembourg,2026,1.06322840177381,1.34113565776202
Netherlands,2026,1.06233759079504,1.33496688316481
Norway,2026,1.02587138581443,1.14847318721755
Poland,2026,1.05905236823813,1.32761859611874
Portugal,2026,1.06960621233445,1.47485008045256
Romania,2026,1.0582903842677,1.35127870434376
Serbia,2026,1.05573707125586,1.3578880351863
Slovakia,2026,1.05863232346855,1.32641335545224
Slovenia,2026,1.05257946682151,1.28252903702632
Spain,2026,1.07191886822177,1.49624854021931
Switzerland,2026,1.04515256515428,1.21782822070478
United Kingdom,2026,1.02875263446067,1.17791781075956
Sweden,2026,1.05164718689026,1.33380676838784
Albania,2026,1.04830238279772,1.32123911653941
Montenegro,2026,1.04425105594866,1.27250488520649
North Macedonia,2026,1.05761024170253,1.33459000096521
