crop,n_records,ash_pct,SiO2_pct_ash,Ca,Mg,K,Na,P,N,Cl,S,n_Ca,n_Mg,n_K,n_Na,n_P,n_N,n_Cl,n_S,note
BARL,14,4.83,47.6,3.48800169766571,0.464981473302898,7.70371225954393,0.38479658110005,0.583802455880799,7.6,3.8835,1.35,5,5,5,5,5,7,7,6,""
MAIZ,29,5.435,54.67,2.78086731529861,0.921221854530568,9.1279111592849,0.100668779747979,1.41178333298108,6.55,2.13065,0.5,4,4,4,4,4,12,8,9,""
MAIZC,10,2.08,40.3,1.06425096887233,0.352555925928902,3.49329442710443,0.0385264143285734,0.540296105354306,4.35,2.1,0.7,1,1,1,1,1,4,1,2,"Ca, Mg, K, Na, P: maize stover ash composition scaled to cob ash content"
OCER,22,4.19,23.2,3.16817529825062,0.515353561681223,10.9639266083485,0.0406829468045628,0.604069919475854,4.85,3.2,1.05,3,3,3,3,3,16,4,14,""
PMIL,23,5.6,44.3,5.82048312142233,1.51380397479158,11.4086333602276,0.182939727972378,1.55453715171369,10.1,3.3,0.7,7,7,7,7,7,10,7,8,sorghum values
RICE,17,18.63,75.1,2.71464716996273,2.0977625961443,19.0634502908828,1.10616962035528,1.31748332875409,9,5.8,1.1,4,4,5,5,4,8,7,8,""
RICEH,17,19.5,94.6,0.348414233999679,0.0235186333862644,3.8850617860631,0.202524516368447,0.385836819331431,5,1.2,0.6,3,3,3,3,2,11,5,10,""
SMIL,23,5.6,44.3,5.82048312142233,1.51380397479158,11.4086333602276,0.182939727972378,1.55453715171369,10.1,3.3,0.7,7,7,7,7,7,10,7,8,sorghum values
SORG,23,5.6,44.3,5.82048312142233,1.51380397479158,11.4086333602276,0.182939727972378,1.55453715171369,10.1,3.3,0.7,7,7,7,7,7,10,7,8,""
WHEA,83,6.7,54.82,3.2022591440341,0.715207671695117,9.2491865174742,0.235822365881992,0.712357266687802,6.1,3.1,1.5,34,34,34,34,30,55,45,47,""
