Reference,Feedstock,Pyrolysis_temperature,Other,C1,C2,C3,k1,k2,k3,T_expt,Tclass
Budai et al 2016 BFS 52,Corn cob,580,flash,0.0174993792189722,0.982500620781028,0,0.002341760018061,0.005404768466369,0,20,Medium
Budai et al 2016 BFS 53,Corn cob,369,slow,0.00062225960222791,0.999377740397772,0,89.4561140628905,0.002681654998601,0,20,Low
Budai et al 2016 BFS 52,Corn cob,416,slow,0.0324774717863947,0.967522528213605,0,0.010152275718735,0.004729504530775,0,20,Low
Budai et al 2016 BFS 52,Corn cob,562,slow,0.0324987409989308,0.967501259001069,0,0.004339302046938,0.003767901618559,0,20,Medium
Budai et al 2016 BFS 52,Corn cob,796,slow,0.0199999999501751,0.980000000049825,0,0.009997974426293,0.004986528624637,0,20,High
Budai et al 2016 BFS 53,Miscanthus,235,slow,0.0204579202128309,0.979542079787169,0,0.927441592443904,0.151381693393466,0,20,too low
Budai et al 2016 BFS 54,Miscanthus,369,slow,0.0113076780682242,0.988692321931776,0,0.503661007181494,8.42471406880159E-05,0,20,Low
Budai et al 2016 BFS 52,Miscanthus,416,slow,0.0199999981033402,0.98000000189666,0,0.010385300373417,0.005763256651193,0,20,Low
Budai et al 2016 BFS 52,Miscanthus,503,slow,0.0208529058135319,0.979147094186468,0,0.221632063308285,0.001339504182942,0,20,Medium
Budai et al 2016 BFS 52,Miscanthus,600,slow,0.0499999995432106,0.950000000456789,0,0.01367516056929,0.003001959765444,0,20,High
Budai et al 2016 BFS 52,Miscanthus,682,slow,0.0309285746843139,0.969071425315686,0,0.115826286282923,0.0023376051846,0,20,High
Dharmakeerthi et al 2015 SBB,mango wood,500,without SC,0.00786,0.991253,0,1.3505,0.003602112,0,30,Medium
Dharmakeerthi et al 2015 SBB,mango wood,500,with SC,0.444801,0.555319,0,0.00428802,0.00428802,0,30,Medium
Fang et al 2014 EJSS,Eucalyptus wood 450C,450,Inceptisol,0.0029,0.9971,0,28.0769230769231,0.003861003861004,0,20,Medium
Fang et al 2014 EJSS,Eucalyptus wood 550C,550,Inceptisol,0.0015,0.9985,0,15.2083333333333,0.002906976744186,0,20,Medium
Fang et al 2014 EJSS,Eucalyptus wood 450C,450,Entisol,0.007,0.993,0,3.41121495327103,0.004672897196262,0,20,Medium
Fang et al 2014 EJSS,Eucalyptus wood 550C,550,Entisol,0.0019,0.9981,0,7.44897959183674,0.001639344262295,0,20,Medium
Fang et al 2014 EJSS,Eucalyptus wood 450C,450,Oxisol,0.0043,0.9957,0,15.2083333333333,0.004255319148936,0,20,Medium
Fang et al 2014 EJSS,Eucalyptus wood 550C,550,Oxisol,0.0017,0.9983,0,33.1818181818182,0.001727115716753,0,20,Medium
Fang et al 2014 EJSS,Eucalyptus wood 450C,450,Vertisol,0.0034,0.9966,0,14.0384615384615,0.004587155963303,0,20,Medium
Fang et al 2014 EJSS,Eucalyptus wood 550C,550,Vertisol,0.0009,0.9991,0,73,0.002222222222222,0,20,Medium
Fang et al 2014 EJSS,Eucalyptus wood 450C,450,Inceptisol,0.0119,0.9881,0,11.0606060606061,0.009803921568627,0,40,Medium
Fang et al 2014 EJSS,Eucalyptus wood 550C,550,Inceptisol,0.0082,0.9918,0,8.11111111111111,0.002277904328018,0,40,Medium
Fang et al 2014 EJSS,Eucalyptus wood 450C,450,Entisol,0.009,0.991,0,14.0384615384615,0.016129032258065,0,40,Medium
Fang et al 2014 EJSS,Eucalyptus wood 550C,550,Entisol,0.004,0.996,0,12.5862068965517,0.00561797752809,0,40,Medium
Fang et al 2014 EJSS,Eucalyptus wood 450C,450,Oxisol,0.005,0.995,0,40.5555555555556,0.009433962264151,0,40,Medium
Fang et al 2014 EJSS,Eucalyptus wood 550C,550,Oxisol,0.0045,0.9955,0,12.1666666666667,0.005263157894737,0,40,Medium
Fang et al 2014 EJSS,Eucalyptus wood 450C,450,Vertisol,0.0042,0.9958,0,33.1818181818182,0.022727272727273,0,40,Medium
Fang et al 2014 EJSS,Eucalyptus wood 550C,550,Vertisol,0.002,0.998,0,40.5555555555556,0.007936507936508,0,40,Medium
Fang et al 2019 EJSS 70,Eucalyptus saligna wood,450,0% labile OM addition,0.00967150856366017,0.99032849143634,0,348.970685099216,0.001402115045604,0,20,Medium
Fang et al 2019 EJSS 70,Eucalyptus saligna wood,450,1% labile OM addition,0.00631867077237559,0.993681329227625,0,227.180170108165,0.003101755822344,0,20,Medium
Fang et al 2019 EJSS 70,Eucalyptus saligna wood,450,2% labile OM addition,0.00771099423811656,0.992289005761883,0,279.945741558651,0.003116500582031,0,20,Medium
Fang et al 2019 EJSS 70,Eucalyptus saligna wood,450,4% labile OM addition,0.0103387862213364,0.989661213778664,0,261.925747409045,0.003186955617735,0,20,Medium
Fang et al 2019 EJSS 70,Eucalyptus saligna wood,550,0% labile OM addition,0.00453031371316678,0.995469686286833,0,149.362230761705,0.001022957959147,0,20,Medium
Fang et al 2019 EJSS 70,Eucalyptus saligna wood,550,1% labile OM addition,0.00282743522954183,0.997172564770458,0,102.843553916631,0.001555956848486,0,20,Medium
Fang et al 2019 EJSS 70,Eucalyptus saligna wood,550,2% labile OM addition,0.00349076584023092,0.996509234159769,0,124.108170684288,0.00170995057442,0,20,Medium
Fang et al 2019 EJSS 70,Eucalyptus saligna wood,550,4% labile OM addition,0.0061725934635378,0.993827406536462,0,178.214888431032,0.001763597016842,0,20,Medium
Herath et al 2014 GCB Bioenergy,"corn stover, 350C,  36°C min",350,Alfisol,0.009,0.666,0.325,199.801,0.146,0.01095,19,Low
Herath et al 2014 GCB Bioenergy,"corn stover., 550C, 51 °C min",550,Alfisol,0.011,0.124,0.865,250.901,0.8395,0.01095,19,Medium
Herath et al 2014 GCB Bioenergy,"corn stover, 350C,  36°C min",350,Andisol,0.033,0.157,0.81,65.116,0.876,0.01095,19,Low
Herath et al 2014 GCB Bioenergy,"corn stover., 550C, 51 °C min",550,Andisol,0.032,0.171,0.798,58.838,0.949,0.01095,19,Medium
Kuzyakov et al 2014,Lolium Perenne,400,Soil,0.01592,0.01245,0.97163,187.18,2.52,0.00338,20,Low
Kuzyakov et al 2014,Lolium Perenne,400,Loess,0.01834,0.02046,0.9612,24.877376269,0.358428447,0.002445464,20,Low
Liu et al 2020 Science of the Total Environment 718 137390,wheat straw,200,2.5 hours,0.0154329731312416,0.984567026868758,0,49.7320949113579,0.052578019449026,0,23,too low
Liu et al 2020 Science of the Total Environment 718 137391,wheat straw,300,2.5 hours,0.00262248593823814,0.997377514061762,0,92.6478873274123,0.012325269591293,0,23,too low
Liu et al 2020 Science of the Total Environment 718 137392,wheat straw,300,10 hours,0.00366876890848067,0.996331231091519,0,36.3050731584772,0.010113143937373,0,23,too low
Liu et al 2020 Science of the Total Environment 718 137393,wheat straw,500,2.5 hours,0.00250359728390729,0.997496402716093,0,7.41009081181086,0.004405576374475,0,23,Medium
Liu et al 2020 Science of the Total Environment 718 137394,wheat straw,500,10 hours,0.00271165380874789,0.997288346191252,0,12.4012546846064,0.004096354334214,0,23,Medium
Major et al 2010,,500,,0.0181778667212347,0.981822133278765,0,2.657961126811,0.002471920491,0,26,Medium
Singh BP et al 2015 PlosONE,Eucalyptus saligna wood,450,clay- and C-poor Arenosol,0.00582847168598125,0.994171528314019,0,15.4764510020367,0.014059044513854,0,17.3,Medium
Singh BP et al 2015 PlosONE,Eucalyptus saligna wood,450,clay- and C-rich Cambisol,0.0214190931082517,0.978580906891748,0,6.31952095759537,0.025563825803155,0,17.3,Medium
Singh BP et al 2015 PlosONE,Eucalyptus saligna wood,450,"clay-, C- and earthworm-rich Ferralsol",0.0442926353149797,0.95570736468502,0,2.38096824447817,0.035177065578353,0,12.3,Medium
Singh et al 2012 EST,Eucalyptus wood 400,400,activated,0.00240407647144269,0.997595923528557,0,10.9683902102434,0.003067252917048,0,22,Low
Singh et al 2012 EST,Eucalyptus wood 550,550,activated,0.00086995388289483,0.999130046117105,0,119.514372110952,0.000865530493965,0,22,Medium
Singh et al 2012 EST,Eucalyptus wood 400,400,not activated,0.00330575028696467,0.996694249713035,0,5.12099280922835,0.003314680176206,0,22,Low
Singh et al 2012 EST,Eucalyptus wood 550,550,not activated,0.00101821367586677,0.998981786324133,0,51.7656207578921,0.000827759943469,0,22,Medium
Singh et al 2012 EST,Eucalyptus leaves 400,400,activated,0.00627858634723405,0.993721413652766,0,8.81896350826964,0.00396754404952,0,22,Low
Singh et al 2012 EST,Eucalyptus leaves 550,550,activated,0.00327198213502964,0.99672801786497,0,58.0487187729553,0.001868181047025,0,22,Medium
Singh et al 2012 EST,Papermill sludge 550,550,activated,0.0404630234214841,0.959536976578516,0,6.26546423584899,0.010706001415651,0,22,Medium
Singh et al 2012 EST,Poultry litter,400,not activated,0.0342125211489123,0.965787478851088,0,30.3532056892778,0.008346650075643,0,22,Low
Singh et al 2012 EST,Poultry litter 550,550,activated,0.00641443525172191,0.993585564748278,0,53.2980444076877,0.003374206412442,0,22,Medium
Singh et al 2012 EST,Cow manure,400,not activated,0.0201786233500077,0.979821376649992,0,33.2954957008815,0.011866377044749,0,22,Low
Singh et al 2012 EST,Cow manure 550,550,activated,0.00683753692346306,0.993162463076537,0,13.2305277490803,0.002589704122747,0,22,Medium
Wu et al. 2016 AEE,Rice straw,500,Soil LN,0.0014,0.9986,0,19.2105263157895,0.001166861143524,0,25,Medium
Wu et al. 2016 AEE,Rice straw,500,Soil SD,0.0016,0.9984,0,9.86486486486487,0.000353481795688,0,25,Medium
Wu et al. 2016 AEE,Rice straw,500,Soil JS,0.0011,0.9989,0,20.2777777777778,0.000527426160338,0,25,Medium
Wu et al. 2016 AEE,Rice straw,500,Soil ZJ,0.0013,0.9987,0,17.3809523809524,0.001029866117405,0,25,Medium
Wu et al. 2016 AEE,Rice straw,500,Soil GD,0.0012,0.9988,0,14.0384615384615,0.00162074554295,0,25,Medium
"Zimmerman and Gao, 2013",grass,400,,0.0169129744364062,0.983087025563594,0,5.76575134091076,0.010057071679627,0,32,Low
"Zimmerman and Gao, 2013",grass,525,,0.0103039848275792,0.989696015172421,0,2.37327717981626,0.003994968034638,0,32,Medium
"Zimmerman and Gao, 2013",grass,650,,0.0232882025108022,0.976711797489198,0,0.787764618096805,0.00049,0,32,High
"Zimmerman and Gao, 2013",oak,400,,0.0185871212632772,0.981412878736723,0,3.7955603323075,0.006580164025455,0,32,Low
"Zimmerman and Gao, 2013",oak,525,,0.00762867668055712,0.992371323319443,0,4.52720957757291,0.003101698397162,0,32,Medium
"Zimmerman and Gao, 2013",oak,650,,0.00885588678283608,0.991144113217164,0,3.29370825115794,0.002311631844747,0,32,High
"Zimmerman and Gao, 2013",oak,650,72h,0.00276676864037807,0.997233231359622,0,6.39005362078295,0.001419452112316,0,32,High
"Zimmerman, 2010",cedar,400,,0.00766411934546304,0.992335880654537,0,9.04248118149051,0.006762238634953,0,32,Low
"Zimmerman, 2010",cedar,525,,0.00488991032827421,0.995110089671726,0,12.5057976030583,0.008805697916656,0,32,Medium
"Zimmerman, 2010",cedar,650,,0.00395576132611709,0.996044238673883,0,10.9249546304673,0.003650613096887,0,32,High
"Zimmerman, 2010",bubinga,400,,0.00369535845103828,0.996304641548962,0,17.26604106471,0.008216868270796,0,32,Low
"Zimmerman, 2010",bubinga,650,,0.00474856456779673,0.995251435432203,0,11.6477987391395,0.004365340395469,0,32,High
"Zimmerman, 2010",sugar cane,400,,0.00888077815764171,0.991119221842358,0,9.62147484171378,0.010666299765183,0,32,Low
"Zimmerman, 2010",sugar cane,525,,0.00613028520779053,0.99386971479221,0,4.84539847965519,0.007096234517071,0,32,Medium
"Zimmerman, 2010",sugar cane,650,,0.00288301308393345,0.997116986916067,0,12.9298297517514,0.005018165008717,0,32,High
"Zimmerman, 2010 updated",pine (all biotic),400,400,0.0109608970096926,0.989039102990308,0,1.7337630335001,0.004790352852178,0,32,Low
"Zimmerman, 2010 updated",pine,525,525,0.00433554999630465,0.995664450003696,0,3.79727062011973,0.003792813380449,0,32,Medium
"Zimmerman, 2010 updated",pine,650,650,0.0147513249807248,0.985248675019275,0,1.59349043595132,0.000682187574132,0,32,High
"Zimmerman, 2010 updated",pine,650,72hrs,0.00314273694763877,0.996857263052361,0,8.57669594787799,0.001983839346047,0,32,High
