COUNTRY,Herrero.region
Afghanistan,SAS
Akrotiri and Dhekelia,EUR
Åland,EUR
Albania,EUR
Algeria,MNA
American Samoa,OCE
Andorra,EUR
Angola,SSA
Anguilla,LAM
Antigua and Barbuda,LAM
Argentina,LAM
Armenia,EUR
Aruba,LAM
Australia,OCE
Austria,EUR
Azerbaijan,EUR
Bahamas,LAM
Bahrain,MNA
Bangladesh,SAS
Barbados,LAM
Belarus,EUR
Belgium,EUR
Belize,LAM
Benin,SSA
Bermuda,LAM
Bhutan,SAS
Bolivia,LAM
"Bonaire, Sint Eustatius and Saba",LAM
Bosnia and Herzegovina,EUR
Botswana,SSA
Bouvet Island,OCE
Brazil,LAM
British Indian Ocean Territory,OCE
British Virgin Islands,LAM
Brunei,SEA
Bulgaria,EUR
Burkina Faso,SSA
Burundi,SSA
Cabo Verde,SSA
Cambodia,SEA
Cameroon,SSA
Canada,NAM
Caspian Sea,EUR
Cayman Islands,LAM
Central African Republic,SSA
Chad,SSA
Chile,LAM
China,EAS
China,EAS
China,EAS
China,EAS
Christmas Island,OCE
Clipperton Island,OCE
Cocos Islands,OCE
Colombia,LAM
Comoros,SSA
Cook Islands,OCE
Costa Rica,LAM
Côte d'Ivoire,SSA
Croatia,EUR
Cuba,LAM
Curaçao,LAM
Cyprus,EUR
Czechia,EUR
Democratic Republic of the Congo,SSA
Democratic Republic of the Congo,SSA
Denmark,EUR
Djibouti,SSA
Dominica,LAM
Dominican Republic,LAM
Ecuador,LAM
Egypt,MNA
El Salvador,LAM
Equatorial Guinea,SSA
Eritrea,SSA
Estonia,EUR
Ethiopia,SSA
Falkland Islands,LAM
Faroe Islands,EUR
Fiji,OCE
Finland,EUR
France,EUR
French Guiana,LAM
French Polynesia,OCE
French Southern Territories,OCE
Gabon,SSA
Gambia,SSA
Georgia,EUR
Germany,EUR
Ghana,SSA
Gibraltar,EUR
Greece,EUR
Greenland,EUR
Grenada,LAM
Guadeloupe,LAM
Guam,OCE
Guatemala,LAM
Guernsey,EUR
Guinea,SSA
Guinea-Bissau,SSA
Guyana,LAM
Haiti,LAM
Heard Island and McDonald Island,OCE
Honduras,LAM
Hungary,EUR
Iceland,EUR
India,SAS
India,SAS
India,SAS
India,SAS
India,SAS
India,SAS
Indonesia,SEA
Iran,MNA
Iraq,MNA
Ireland,EUR
Isle of Man,EUR
Israel,MNA
Italy,EUR
Jamaica,LAM
Japan,EAS
Jersey,EUR
Jordan,MNA
Kazakhstan,EUR
Kenya,SSA
Kiribati,OCE
Kosovo,EUR
Kuwait,MNA
Kyrgyzstan,EUR
Laos,SEA
Latvia,EUR
Lebanon,MNA
Lesotho,SSA
Liberia,SSA
Libya,MNA
Liechtenstein,EUR
Lithuania,EUR
Luxembourg,EUR
Madagascar,SSA
Malawi,SSA
Malaysia,SEA
Maldives,SAS
Mali,SSA
Malta,EUR
Marshall Islands,SEA
Martinique,LAM
Mauritania,SSA
Mauritius,SSA
Mayotte,SSA
México,LAM
Micronesia,OCE
Moldova,EUR
Monaco,EUR
Mongolia,SEA
Montenegro,EUR
Montserrat,LAM
Morocco,MNA
Mozambique,SSA
Myanmar,SEA
Namibia,SSA
Nauru,OCE
Nepal,SAS
Netherlands,EUR
Netherlands,EUR
Netherlands,EUR
Netherlands,EUR
New Caledonia,OCE
New Zealand,OCE
New Zealand,OCE
Nicaragua,LAM
Niger,SSA
Nigeria,SSA
Niue,OCE
Norfolk Island,OCE
North Korea,SEA
North Macedonia,EUR
Northern Cyprus,EUR
Northern Mariana Islands,OCE
Norway,EUR
Oman,MNA
Pakistan,SAS
Pakistan,SAS
Palau,OCE
Palestine,MNA
Panama,LAM
Papua New Guinea,OCE
Paracel Islands,SEA
Paraguay,LAM
Peru,LAM
Philippines,SEA
Pitcairn Islands,OCE
Poland,EUR
Portugal,EUR
Puerto Rico,NAM
Qatar,MNA
Republic of the Congo,SSA
Réunion,SSA
Romania,EUR
Russia,EUR
Rwanda,SSA
"Saint Helena, Ascension and Tris",LAM
Saint Kitts and Nevis,LAM
Saint Lucia,LAM
Saint Pierre and Miquelon,NAM
Saint Vincent and the Grenadines,LAM
Saint-Barthélemy,LAM
Saint-Martin,LAM
Samoa,OCE
San Marino,EUR
São Tomé and Príncipe,LAM
Saudi Arabia,MNA
Senegal,SSA
Serbia,EUR
Seychelles,SSA
Sierra Leone,SSA
Singapore,SEA
Sint Maarten,LAM
Slovakia,EUR
Slovenia,EUR
Solomon Islands,OCE
Somalia,SSA
South Africa,SSA
South Georgia and the South Sand,OCE
South Korea,EAS
South Sudan,SSA
Spain,EUR
Spratly Islands,SEA
Sri Lanka,SAS
Sudan,SSA
Suriname,LAM
Svalbard and Jan Mayen,EUR
Swaziland,SSA
Sweden,EUR
Switzerland,EUR
Syria,MNA
Taiwan,EAS
Tajikistan,EUR
Tanzania,SSA
Thailand,SEA
Timor-Leste,OCE
Togo,SSA
Tokelau,OCE
Tonga,OCE
Trinidad and Tobago,LAM
Tunisia,MNA
Turkey,MNA
Turkmenistan,EUR
Turks and Caicos Islands,LAM
Tuvalu,OCE
Uganda,SSA
Ukraine,EUR
United Arab Emirates,MNA
United Kingdom,EUR
United States,NAM
United States Minor Outlying Isl,NAM
Uruguay,LAM
Uzbekistan,EUR
Vanuatu,OCE
Vatican City,EUR
Venezuela,LAM
Vietnam,SEA
"Virgin Islands, U.S.",LAM
Wallis and Futuna,OCE
Western Sahara,SSA
Yemen,MNA
Zambia,SSA
Zimbabwe,SSA
