Herrero.region,crop,prod_Mg_DM,harv.frac,weight,regional_frac,livestock.frac,avail.frac
EAS,ACOF,44634.8093912154,0.9,1,0.04804230906081,0.0664029399464601,0.83359706005354
EAS,BANA,7194326.66953542,0.1,1,0.04804230906081,0.0664029399464601,0.0335970600535399
EAS,BARL,2204823.24857945,0.4,1,0.04804230906081,0.0664029399464601,0.33359706005354
EAS,BEAN,2570634.92812617,0.5,1,0.04804230906081,0.0664029399464601,0.43359706005354
EAS,CASS,530036.925310187,0.8,1,0.04804230906081,0.0664029399464601,0.73359706005354
EAS,CHIC,12923.7901629806,0.5,1,0.04804230906081,0.0664029399464601,0.43359706005354
EAS,CNUTF,15980.5835706033,0.9,1,0.04804230906081,0.0664029399464601,0.83359706005354
EAS,CNUTH,20290.4976628087,0.9,1,0.04804230906081,0.0664029399464601,0.83359706005354
EAS,CNUTS,5811.12095297594,0.9,1,0.04804230906081,0.0664029399464601,0.83359706005354
EAS,COCO,0,0.9,1,0.04804230906081,0.0664029399464601,0.83359706005354
EAS,COTT,20784330.0842697,0.4,1,0.04804230906081,0.0664029399464601,0.33359706005354
EAS,COWP,335.462923973799,0.5,1,0.04804230906081,0.0664029399464601,0.43359706005354
EAS,GROU,17994489.4479747,0.4,1,0.04804230906081,0.0664029399464601,0.33359706005354
EAS,GROUH,4939369.15677759,0.9,1,0.04804230906081,0.0664029399464601,0.83359706005354
EAS,MAIZ,225466943.501281,0.5,1,0.04804230906081,0.0664029399464601,0.43359706005354
EAS,MAIZC,42252873.8853675,0.9,1,0.04804230906081,0.0664029399464601,0.83359706005354
EAS,OCER,2561129.88274892,0.4,1,0.04804230906081,0.0664029399464601,0.33359706005354
EAS,OILPB,34898.204415381,0.9,1,0.04804230906081,0.0664029399464601,0.83359706005354
EAS,OILPS,9862.53543935716,0.9,1,0.04804230906081,0.0664029399464601,0.83359706005354
EAS,OOIL,451162.726028716,0.4,1,0.04804230906081,0.0664029399464601,0.33359706005354
EAS,PIGE,2.96975001692772,0.5,1,0.04804230906081,0.0664029399464601,0.43359706005354
EAS,PLNT,212.672079563141,0.1,1,0.04804230906081,0.0664029399464601,0.0335970600535399
EAS,PLNTP,49.9230227470398,0.1,1,0.04804230906081,0.0664029399464601,0.0335970600535399
EAS,PMIL,9091881.33261418,0.4,1,0.04804230906081,0.0664029399464601,0.33359706005354
EAS,POTA,22937894.8478323,0.8,1,0.04804230906081,0.0664029399464601,0.73359706005354
EAS,RAPE,23738130.6459855,0.5,1,0.04804230906081,0.0664029399464601,0.43359706005354
EAS,RCOF,264.166380122304,0.9,1,0.04804230906081,0.0664029399464601,0.83359706005354
EAS,RICE,277389860.648676,0.75,0.2,0.04804230906081,0.013280587989292,0.736719412010708
EAS,RICEH,51470182.2395167,0.9,0,0.04804230906081,0,0.9
EAS,SESA,5786395.16286886,0.33,1,0.04804230906081,0.0664029399464601,0.26359706005354
EAS,SMIL,20786.0529717803,0.4,1,0.04804230906081,0.0664029399464601,0.33359706005354
EAS,SORG,2697383.33483078,0.4,1,0.04804230906081,0.0664029399464601,0.33359706005354
EAS,SOYB,37633505.5761376,0.4,1,0.04804230906081,0.0664029399464601,0.33359706005354
EAS,SUGB,1189705.47622125,0.8,1,0.04804230906081,0.0664029399464601,0.73359706005354
EAS,SUGC,6845890.42455391,0.75,1,0.04804230906081,0.0664029399464601,0.68359706005354
EAS,SUGCB,3308846.80222961,0.9,1,0.04804230906081,0.0664029399464601,0.83359706005354
EAS,SUNF,2919010.40818276,0.5,1,0.04804230906081,0.0664029399464601,0.43359706005354
EAS,TEAS,93851.9329052861,0.9,1,0.04804230906081,0.0664029399464601,0.83359706005354
EAS,TEMF,10247617.9640671,0.9,1,0.04804230906081,0.0664029399464601,0.83359706005354
EAS,TOBA,1411539.44403856,0.9,1,0.04804230906081,0.0664029399464601,0.83359706005354
EAS,TROF,83839188.4505196,0.9,1,0.04804230906081,0.0664029399464601,0.83359706005354
EAS,WHEA,120994786.448522,0.4,1,0.04804230906081,0.0664029399464601,0.33359706005354
EUR,ACOF,0,0.9,1,0.0369541641041667,0.0372975079078173,0.862702492092183
EUR,BANA,296206.008189201,0.1,1,0.0369541641041667,0.0372975079078173,0.0627024920921827
EUR,BARL,81064438.2301336,0.4,1,0.0369541641041667,0.0372975079078173,0.362702492092183
EUR,BEAN,917499.852454066,0.5,1,0.0369541641041667,0.0372975079078173,0.462702492092183
EUR,CASS,0,0.8,1,0.0369541641041667,0.0372975079078173,0.762702492092183
EUR,CHIC,166144.901522018,0.5,1,0.0369541641041667,0.0372975079078173,0.462702492092183
EUR,CNUTF,0,0.9,1,0.0369541641041667,0.0372975079078173,0.862702492092183
EUR,CNUTH,0,0.9,1,0.0369541641041667,0.0372975079078173,0.862702492092183
EUR,CNUTS,0,0.9,1,0.0369541641041667,0.0372975079078173,0.862702492092183
EUR,COCO,0,0.9,1,0.0369541641041667,0.0372975079078173,0.862702492092183
EUR,COTT,7641640.24255799,0.4,1,0.0369541641041667,0.0372975079078173,0.362702492092183
EUR,COWP,78901.6487871111,0.5,1,0.0369541641041667,0.0372975079078173,0.462702492092183
EUR,GROU,44561.5698149651,0.4,1,0.0369541641041667,0.0372975079078173,0.362702492092183
EUR,GROUH,7108.52667973191,0.9,1,0.0369541641041667,0.0372975079078173,0.862702492092183
EUR,MAIZ,114712347.626392,0.5,1,0.0369541641041667,0.0372975079078173,0.462702492092183
EUR,MAIZC,22559028.1758452,0.9,1,0.0369541641041667,0.0372975079078173,0.862702492092183
EUR,OCER,42074644.6877389,0.4,1,0.0369541641041667,0.0372975079078173,0.362702492092183
EUR,OILPB,0,0.9,1,0.0369541641041667,0.0372975079078173,0.862702492092183
EUR,OILPS,0,0.9,1,0.0369541641041667,0.0372975079078173,0.862702492092183
EUR,OOIL,5586064.1691605,0.4,1,0.0369541641041667,0.0372975079078173,0.362702492092183
EUR,PIGE,0,0.5,1,0.0369541641041667,0.0372975079078173,0.462702492092183
EUR,PLNT,0,0.1,1,0.0369541641041667,0.0372975079078173,0.0627024920921827
EUR,PLNTP,0,0.1,1,0.0369541641041667,0.0372975079078173,0.0627024920921827
EUR,PMIL,96428.4653141499,0.4,1,0.0369541641041667,0.0372975079078173,0.362702492092183
EUR,POTA,32205141.733354,0.8,1,0.0369541641041667,0.0372975079078173,0.762702492092183
EUR,RAPE,37014254.5331105,0.5,1,0.0369541641041667,0.0372975079078173,0.462702492092183
EUR,RCOF,0,0.9,1,0.0369541641041667,0.0372975079078173,0.862702492092183
EUR,RICE,6957048.96066274,0.75,0.2,0.0369541641041667,0.00745950158156346,0.742540498418437
EUR,RICEH,1210072.55353428,0.9,0,0.0369541641041667,0,0.9
EUR,SESA,59974.3809088469,0.33,1,0.0369541641041667,0.0372975079078173,0.292702492092183
EUR,SMIL,3838791.75376256,0.4,1,0.0369541641041667,0.0372975079078173,0.362702492092183
EUR,SORG,944884.842137821,0.4,1,0.0369541641041667,0.0372975079078173,0.362702492092183
EUR,SOYB,11880840.9489952,0.4,1,0.0369541641041667,0.0372975079078173,0.362702492092183
EUR,SUGB,18634942.3352915,0.8,1,0.0369541641041667,0.0372975079078173,0.762702492092183
EUR,SUGC,308.535834923387,0.75,1,0.0369541641041667,0.0372975079078173,0.712702492092183
EUR,SUGCB,149.125640064478,0.9,1,0.0369541641041667,0.0372975079078173,0.862702492092183
EUR,SUNF,39512442.4967153,0.5,1,0.0369541641041667,0.0372975079078173,0.462702492092183
EUR,TEAS,311.874664376024,0.9,1,0.0369541641041667,0.0372975079078173,0.862702492092183
EUR,TEMF,7875795.77355154,0.9,1,0.0369541641041667,0.0372975079078173,0.862702492092183
EUR,TOBA,158980.93898746,0.9,1,0.0369541641041667,0.0372975079078173,0.862702492092183
EUR,TROF,15123522.1813031,0.9,1,0.0369541641041667,0.0372975079078173,0.862702492092183
EUR,WHEA,285384478.91623,0.4,1,0.0369541641041667,0.0372975079078173,0.362702492092183
LAM,ACOF,2614510.83119448,0.9,1,0.038897223447061,0.0408848667647356,0.859115133235265
LAM,BANA,20126808.1557282,0.1,1,0.038897223447061,0.0408848667647356,0.0591151332352644
LAM,BARL,4307045.30773563,0.4,1,0.038897223447061,0.0408848667647356,0.359115133235264
LAM,BEAN,12934386.7691321,0.5,1,0.038897223447061,0.0408848667647356,0.459115133235264
LAM,CASS,3873866.3865834,0.8,1,0.038897223447061,0.0408848667647356,0.759115133235265
LAM,CHIC,207598.172394358,0.5,1,0.038897223447061,0.0408848667647356,0.459115133235264
LAM,CNUTF,282666.755172582,0.9,1,0.038897223447061,0.0408848667647356,0.859115133235265
LAM,CNUTH,358901.106064796,0.9,1,0.038897223447061,0.0408848667647356,0.859115133235265
LAM,CNUTS,102787.904215116,0.9,1,0.038897223447061,0.0408848667647356,0.859115133235265
LAM,COCO,316533.673921323,0.9,1,0.038897223447061,0.0408848667647356,0.859115133235265
LAM,COTT,6349639.23218763,0.4,1,0.038897223447061,0.0408848667647356,0.359115133235264
LAM,COWP,153963.275362581,0.5,1,0.038897223447061,0.0408848667647356,0.459115133235264
LAM,GROU,1762410.99066243,0.4,1,0.038897223447061,0.0408848667647356,0.359115133235264
LAM,GROUH,410587.795750165,0.9,1,0.038897223447061,0.0408848667647356,0.859115133235265
LAM,MAIZ,160503560.806518,0.5,1,0.038897223447061,0.0408848667647356,0.459115133235264
LAM,MAIZC,26089846.6984459,0.9,1,0.038897223447061,0.0408848667647356,0.859115133235265
LAM,OCER,1802523.01476735,0.4,1,0.038897223447061,0.0408848667647356,0.359115133235264
LAM,OILPB,675913.346353489,0.9,1,0.038897223447061,0.0408848667647356,0.859115133235265
LAM,OILPS,191018.978964524,0.9,1,0.038897223447061,0.0408848667647356,0.859115133235265
LAM,OOIL,295156.122217849,0.4,1,0.038897223447061,0.0408848667647356,0.359115133235264
LAM,PIGE,476137.855565757,0.5,1,0.038897223447061,0.0408848667647356,0.459115133235264
LAM,PLNT,5972837.54110092,0.1,1,0.038897223447061,0.0408848667647356,0.0591151332352644
LAM,PLNTP,1402074.46066028,0.1,1,0.038897223447061,0.0408848667647356,0.0591151332352644
LAM,PMIL,3383.62223601341,0.4,1,0.038897223447061,0.0408848667647356,0.359115133235264
LAM,POTA,4375761.82465604,0.8,1,0.038897223447061,0.0408848667647356,0.759115133235265
LAM,RAPE,492193.476464942,0.5,1,0.038897223447061,0.0408848667647356,0.459115133235264
LAM,RCOF,835891.816570126,0.9,1,0.038897223447061,0.0408848667647356,0.859115133235265
LAM,RICE,38123581.7101576,0.75,0.2,0.038897223447061,0.00817697335294712,0.741823026647053
LAM,RICEH,6496640.95559502,0.9,0,0.038897223447061,0,0.9
LAM,SESA,1647886.78580683,0.33,1,0.038897223447061,0.0408848667647356,0.289115133235264
LAM,SMIL,40609.0432661474,0.4,1,0.038897223447061,0.0408848667647356,0.359115133235264
LAM,SORG,18288806.8584842,0.4,1,0.038897223447061,0.0408848667647356,0.359115133235264
LAM,SOYB,271222877.688145,0.4,1,0.038897223447061,0.0408848667647356,0.359115133235264
LAM,SUGB,134758.631435171,0.8,1,0.038897223447061,0.0408848667647356,0.759115133235265
LAM,SUGC,55328397.9554651,0.75,1,0.038897223447061,0.0408848667647356,0.709115133235264
LAM,SUGCB,26742057.181895,0.9,1,0.038897223447061,0.0408848667647356,0.859115133235265
LAM,SUNF,5900485.95083784,0.5,1,0.038897223447061,0.0408848667647356,0.459115133235264
LAM,TEAS,5804.73131578742,0.9,1,0.038897223447061,0.0408848667647356,0.859115133235265
LAM,TEMF,2268183.5547273,0.9,1,0.038897223447061,0.0408848667647356,0.859115133235265
LAM,TOBA,507254.939957134,0.9,1,0.038897223447061,0.0408848667647356,0.859115133235265
LAM,TROF,44226612.196325,0.9,1,0.038897223447061,0.0408848667647356,0.859115133235265
LAM,WHEA,33127801.9783777,0.4,1,0.038897223447061,0.0408848667647356,0.359115133235264
MNA,ACOF,13966.665548332,0.9,1,0.0843421032236833,0.0889910987858777,0.811008901214122
MNA,BANA,1479812.39778696,0.1,1,0.0843421032236833,0.0889910987858777,0.0110089012141223
MNA,BARL,20617481.5761247,0.4,1,0.0843421032236833,0.0889910987858777,0.311008901214122
MNA,BEAN,758730.488288209,0.5,1,0.0843421032236833,0.0889910987858777,0.411008901214122
MNA,CASS,0.148832425475121,0.8,1,0.0843421032236833,0.0889910987858777,0.711008901214122
MNA,CHIC,1382514.98591498,0.5,1,0.0843421032236833,0.0889910987858777,0.411008901214122
MNA,CNUTF,0,0.9,1,0.0843421032236833,0.0889910987858777,0.811008901214122
MNA,CNUTH,0,0.9,1,0.0843421032236833,0.0889910987858777,0.811008901214122
MNA,CNUTS,0,0.9,1,0.0843421032236833,0.0889910987858777,0.811008901214122
MNA,COCO,0,0.9,1,0.0843421032236833,0.0889910987858777,0.811008901214122
MNA,COTT,3819104.21171057,0.4,1,0.0843421032236833,0.0889910987858777,0.311008901214122
MNA,COWP,24029.6261398941,0.5,1,0.0843421032236833,0.0889910987858777,0.411008901214122
MNA,GROU,518961.509523481,0.4,1,0.0843421032236833,0.0889910987858777,0.311008901214122
MNA,GROUH,134277.713260468,0.9,1,0.0843421032236833,0.0889910987858777,0.811008901214122
MNA,MAIZ,16151882.5945497,0.5,1,0.0843421032236833,0.0889910987858777,0.411008901214122
MNA,MAIZC,3400456.07748065,0.9,1,0.0843421032236833,0.0889910987858777,0.811008901214122
MNA,OCER,987878.484453037,0.4,1,0.0843421032236833,0.0889910987858777,0.311008901214122
MNA,OILPB,0,0.9,1,0.0843421032236833,0.0889910987858777,0.811008901214122
MNA,OILPS,0,0.9,1,0.0843421032236833,0.0889910987858777,0.811008901214122
MNA,OOIL,2516852.54960976,0.4,1,0.0843421032236833,0.0889910987858777,0.311008901214122
MNA,PIGE,0,0.5,1,0.0843421032236833,0.0889910987858777,0.411008901214122
MNA,PLNT,0,0.1,1,0.0843421032236833,0.0889910987858777,0.0110089012141223
MNA,PLNTP,0,0.1,1,0.0843421032236833,0.0889910987858777,0.0110089012141223
MNA,PMIL,30787.0216534138,0.4,1,0.0843421032236833,0.0889910987858777,0.311008901214122
MNA,POTA,4394002.81325747,0.8,1,0.0843421032236833,0.0889910987858777,0.711008901214122
MNA,RAPE,754918.669845715,0.5,1,0.0843421032236833,0.0889910987858777,0.411008901214122
MNA,RCOF,0,0.9,1,0.0843421032236833,0.0889910987858777,0.811008901214122
MNA,RICE,9873138.77284119,0.75,0.2,0.0843421032236833,0.0177982197571755,0.732201780242825
MNA,RICEH,2011819.03461904,0.9,0,0.0843421032236833,0,0.9
MNA,SESA,1391059.87979954,0.33,1,0.0843421032236833,0.0889910987858777,0.241008901214122
MNA,SMIL,540165.414386421,0.4,1,0.0843421032236833,0.0889910987858777,0.311008901214122
MNA,SORG,2148634.72568479,0.4,1,0.0843421032236833,0.0889910987858777,0.311008901214122
MNA,SOYB,570065.27904141,0.4,1,0.0843421032236833,0.0889910987858777,0.311008901214122
MNA,SUGB,3513837.28254868,0.8,1,0.0843421032236833,0.0889910987858777,0.711008901214122
MNA,SUGC,1264425.37781662,0.75,1,0.0843421032236833,0.0889910987858777,0.661008901214122
MNA,SUGCB,611138.893687144,0.9,1,0.0843421032236833,0.0889910987858777,0.811008901214122
MNA,SUNF,2197881.04783746,0.5,1,0.0843421032236833,0.0889910987858777,0.411008901214122
MNA,TEAS,21582.6721162014,0.9,1,0.0843421032236833,0.0889910987858777,0.811008901214122
MNA,TEMF,3510214.12366158,0.9,1,0.0843421032236833,0.0889910987858777,0.811008901214122
MNA,TOBA,65367.5456431098,0.9,1,0.0843421032236833,0.0889910987858777,0.811008901214122
MNA,TROF,27658319.78917,0.9,1,0.0843421032236833,0.0889910987858777,0.811008901214122
MNA,WHEA,77340285.3579112,0.4,1,0.0843421032236833,0.0889910987858777,0.311008901214122
NAM,ACOF,7437.72712481022,0.9,1,0.031914852225725,0.0323892716951194,0.867610728304881
NAM,BANA,43594.0544126034,0.1,1,0.031914852225725,0.0323892716951194,0.0676107283048806
NAM,BARL,12121321.7696113,0.4,1,0.031914852225725,0.0323892716951194,0.367610728304881
NAM,BEAN,2402309.32078363,0.5,1,0.031914852225725,0.0323892716951194,0.467610728304881
NAM,CASS,43.377234980464,0.8,1,0.031914852225725,0.0323892716951194,0.767610728304881
NAM,CHIC,253224.39055121,0.5,1,0.031914852225725,0.0323892716951194,0.467610728304881
NAM,CNUTF,268.450444057584,0.9,1,0.031914852225725,0.0323892716951194,0.867610728304881
NAM,CNUTH,340.850704029202,0.9,1,0.031914852225725,0.0323892716951194,0.867610728304881
NAM,CNUTS,97.6183356270194,0.9,1,0.031914852225725,0.0323892716951194,0.867610728304881
NAM,COCO,0,0.9,1,0.031914852225725,0.0323892716951194,0.867610728304881
NAM,COTT,11267838.5728156,0.4,1,0.031914852225725,0.0323892716951194,0.367610728304881
NAM,COWP,73321.7810108066,0.5,1,0.031914852225725,0.0323892716951194,0.467610728304881
NAM,GROU,1947118.59437817,0.4,1,0.031914852225725,0.0323892716951194,0.367610728304881
NAM,GROUH,553105.783122011,0.9,1,0.031914852225725,0.0323892716951194,0.867610728304881
NAM,MAIZ,313328667.190635,0.5,1,0.031914852225725,0.0323892716951194,0.467610728304881
NAM,MAIZC,78687909.2873831,0.9,1,0.031914852225725,0.0323892716951194,0.867610728304881
NAM,OCER,4890707.75157636,0.4,1,0.031914852225725,0.0323892716951194,0.367610728304881
NAM,OILPB,0,0.9,1,0.031914852225725,0.0323892716951194,0.867610728304881
NAM,OILPS,0,0.9,1,0.031914852225725,0.0323892716951194,0.867610728304881
NAM,OOIL,417109.812988967,0.4,1,0.031914852225725,0.0323892716951194,0.367610728304881
NAM,PIGE,693.302002906799,0.5,1,0.031914852225725,0.0323892716951194,0.467610728304881
NAM,PLNT,64287.5120797157,0.1,1,0.031914852225725,0.0323892716951194,0.0676107283048806
NAM,PLNTP,15090.964030385,0.1,1,0.031914852225725,0.0323892716951194,0.0676107283048806
NAM,PMIL,0,0.4,1,0.031914852225725,0.0323892716951194,0.367610728304881
NAM,POTA,3515054.21279774,0.8,1,0.031914852225725,0.0323892716951194,0.767610728304881
NAM,RAPE,27433076.7734663,0.5,1,0.031914852225725,0.0323892716951194,0.467610728304881
NAM,RCOF,0,0.9,1,0.031914852225725,0.0323892716951194,0.867610728304881
NAM,RICE,11916690.1388621,0.75,0.2,0.031914852225725,0.00647785433902388,0.743522145660976
NAM,RICEH,2353537.97853528,0.9,0,0.031914852225725,0,0.9
NAM,SESA,0,0.33,1,0.031914852225725,0.0323892716951194,0.297610728304881
NAM,SMIL,1180203.35944375,0.4,1,0.031914852225725,0.0323892716951194,0.367610728304881
NAM,SORG,10863971.4800656,0.4,1,0.031914852225725,0.0323892716951194,0.367610728304881
NAM,SOYB,198641920.134086,0.4,1,0.031914852225725,0.0323892716951194,0.367610728304881
NAM,SUGB,3139874.38977371,0.8,1,0.031914852225725,0.0323892716951194,0.767610728304881
NAM,SUGC,1558126.66057217,0.75,1,0.031914852225725,0.0323892716951194,0.717610728304881
NAM,SUGCB,753094.502627209,0.9,1,0.031914852225725,0.0323892716951194,0.867610728304881
NAM,SUNF,2132099.13467637,0.5,1,0.031914852225725,0.0323892716951194,0.467610728304881
NAM,TEAS,0,0.9,1,0.031914852225725,0.0323892716951194,0.867610728304881
NAM,TEMF,2026206.29558233,0.9,1,0.031914852225725,0.0323892716951194,0.867610728304881
NAM,TOBA,160976.452240031,0.9,1,0.031914852225725,0.0323892716951194,0.867610728304881
NAM,TROF,9057370.39465731,0.9,1,0.031914852225725,0.0323892716951194,0.867610728304881
NAM,WHEA,110727695.815809,0.4,1,0.031914852225725,0.0323892716951194,0.367610728304881
OCE,ACOF,55282.348409161,0.9,1,0.00897367534514883,0.00904618262934972,0.89095381737065
OCE,BANA,932393.944532692,0.1,1,0.00897367534514883,0.00904618262934972,0.0909538173706503
OCE,BARL,9809344.7560533,0.4,1,0.00897367534514883,0.00904618262934972,0.39095381737065
OCE,BEAN,146923.853470296,0.5,1,0.00897367534514883,0.00904618262934972,0.49095381737065
OCE,CASS,22498.0443128897,0.8,1,0.00897367534514883,0.00904618262934972,0.79095381737065
OCE,CHIC,674497.207132399,0.5,1,0.00897367534514883,0.00904618262934972,0.49095381737065
OCE,CNUTF,100307.439439487,0.9,1,0.00897367534514883,0.00904618262934972,0.89095381737065
OCE,CNUTH,127360.046266187,0.9,1,0.00897367534514883,0.00904618262934972,0.89095381737065
OCE,CNUTS,36475.4303647456,0.9,1,0.00897367534514883,0.00904618262934972,0.89095381737065
OCE,COCO,25540.447415065,0.9,1,0.00897367534514883,0.00904618262934972,0.89095381737065
OCE,COTT,1460380.42051591,0.4,1,0.00897367534514883,0.00904618262934972,0.39095381737065
OCE,COWP,0,0.5,1,0.00897367534514883,0.00904618262934972,0.49095381737065
OCE,GROU,43912.204162389,0.4,1,0.00897367534514883,0.00904618262934972,0.39095381737065
OCE,GROUH,9136.19666750729,0.9,1,0.00897367534514883,0.00904618262934972,0.89095381737065
OCE,MAIZ,818748.566195667,0.5,1,0.00897367534514883,0.00904618262934972,0.49095381737065
OCE,MAIZC,150474.310233483,0.9,1,0.00897367534514883,0.00904618262934972,0.89095381737065
OCE,OCER,2174916.81229882,0.4,1,0.00897367534514883,0.00904618262934972,0.39095381737065
OCE,OILPB,91688.0206356049,0.9,1,0.00897367534514883,0.00904618262934972,0.89095381737065
OCE,OILPS,25911.8305091858,0.9,1,0.00897367534514883,0.00904618262934972,0.89095381737065
OCE,OOIL,34607.0734909028,0.4,1,0.00897367534514883,0.00904618262934972,0.39095381737065
OCE,PIGE,0,0.5,1,0.00897367534514883,0.00904618262934972,0.49095381737065
OCE,PLNT,120.749954998493,0.1,1,0.00897367534514883,0.00904618262934972,0.0909538173706503
OCE,PLNTP,28.3450579866767,0.1,1,0.00897367534514883,0.00904618262934972,0.0909538173706503
OCE,PMIL,0,0.4,1,0.00897367534514883,0.00904618262934972,0.39095381737065
OCE,POTA,270852.932604313,0.8,1,0.00897367534514883,0.00904618262934972,0.79095381737065
OCE,RAPE,4550456.97349931,0.5,1,0.00897367534514883,0.00904618262934972,0.49095381737065
OCE,RCOF,272.344507046044,0.9,1,0.00897367534514883,0.00904618262934972,0.89095381737065
OCE,RICE,537831.906237304,0.75,0.2,0.00897367534514883,0.00180923652586994,0.74819076347413
OCE,RICEH,105651.044129044,0.9,0,0.00897367534514883,0,0.9
OCE,SESA,0,0.33,1,0.00897367534514883,0.00904618262934972,0.32095381737065
OCE,SMIL,188961.010910362,0.4,1,0.00897367534514883,0.00904618262934972,0.39095381737065
OCE,SORG,3072330.24293993,0.4,1,0.00897367534514883,0.00904618262934972,0.39095381737065
OCE,SOYB,136968.492791534,0.4,1,0.00897367534514883,0.00904618262934972,0.39095381737065
OCE,SUGB,0,0.8,1,0.00897367534514883,0.00904618262934972,0.79095381737065
OCE,SUGC,1843216.27454902,0.75,1,0.00897367534514883,0.00904618262934972,0.74095381737065
OCE,SUGCB,890887.804094412,0.9,1,0.00897367534514883,0.00904618262934972,0.89095381737065
OCE,SUNF,85219.6863459852,0.5,1,0.00897367534514883,0.00904618262934972,0.49095381737065
OCE,TEAS,366.734599950723,0.9,1,0.00897367534514883,0.00904618262934972,0.89095381737065
OCE,TEMF,559429.970736911,0.9,1,0.00897367534514883,0.00904618262934972,0.89095381737065
OCE,TOBA,1604.22666762397,0.9,1,0.00897367534514883,0.00904618262934972,0.89095381737065
OCE,TROF,615110.790277787,0.9,1,0.00897367534514883,0.00904618262934972,0.89095381737065
OCE,WHEA,37262527.6612183,0.4,1,0.00897367534514883,0.00904618262934972,0.39095381737065
SAS,ACOF,63296.7744999044,0.9,1,0.282876895344412,0.522875780081463,0.377124219918537
SAS,BANA,21021368.784499,0.1,1,0.282876895344412,0.1,0
SAS,BARL,2391659.04879563,0.4,1,0.282876895344412,0.4,0
SAS,BEAN,11001567.8843922,0.5,1,0.282876895344412,0.5,0
SAS,CASS,1005173.03030921,0.8,1,0.282876895344412,0.522875780081463,0.277124219918537
SAS,CHIC,11477159.5888576,0.5,1,0.282876895344412,0.5,0
SAS,CNUTF,723254.941760501,0.9,1,0.282876895344412,0.522875780081463,0.377124219918537
SAS,CNUTH,918314.567191737,0.9,1,0.282876895344412,0.522875780081463,0.377124219918537
SAS,CNUTS,263001.779822635,0.9,1,0.282876895344412,0.522875780081463,0.377124219918537
SAS,COCO,7047.55930075049,0.9,1,0.282876895344412,0.522875780081463,0.377124219918537
SAS,COTT,31179684.9124538,0.4,1,0.282876895344412,0.4,0
SAS,COWP,32806.0265569091,0.5,1,0.282876895344412,0.5,0
SAS,GROU,13630726.3608319,0.4,1,0.282876895344412,0.4,0
SAS,GROUH,2211126.99406631,0.9,1,0.282876895344412,0.522875780081463,0.377124219918537
SAS,MAIZ,44880775.1079208,0.5,1,0.282876895344412,0.5,0
SAS,MAIZC,6456320.14436917,0.9,1,0.282876895344412,0.522875780081463,0.377124219918537
SAS,OCER,20107.2136457264,0.4,1,0.282876895344412,0.4,0
SAS,OILPB,0,0.9,1,0.282876895344412,0.522875780081463,0.377124219918537
SAS,OILPS,0,0.9,1,0.282876895344412,0.522875780081463,0.377124219918537
SAS,OOIL,946629.887000773,0.4,1,0.282876895344412,0.4,0
SAS,PIGE,12736349.0904757,0.5,1,0.282876895344412,0.5,0
SAS,PLNT,406778.292940721,0.1,1,0.282876895344412,0.1,0
SAS,PLNTP,95487.8571430333,0.1,1,0.282876895344412,0.1,0
SAS,PMIL,49147142.6906841,0.4,1,0.282876895344412,0.4,0
SAS,POTA,12995005.3053209,0.8,1,0.282876895344412,0.522875780081463,0.277124219918537
SAS,RAPE,16964916.1886447,0.5,1,0.282876895344412,0.5,0
SAS,RCOF,144246.077061258,0.9,1,0.282876895344412,0.522875780081463,0.377124219918537
SAS,RICE,340429168.503325,0.75,0.2,0.282876895344412,0.104575156016293,0.645424843983707
SAS,RICEH,50611551.2272628,0.9,0,0.282876895344412,0,0.9
SAS,SESA,8331979.47916061,0.33,1,0.282876895344412,0.33,0
SAS,SMIL,12273677.2382698,0.4,1,0.282876895344412,0.4,0
SAS,SORG,12678735.0816479,0.4,1,0.282876895344412,0.4,0
SAS,SOYB,32828837.4111203,0.4,1,0.282876895344412,0.4,0
SAS,SUGB,10541.4346009474,0.8,1,0.282876895344412,0.522875780081463,0.277124219918537
SAS,SUGC,21954772.9870625,0.75,1,0.282876895344412,0.522875780081463,0.227124219918537
SAS,SUGCB,10611472.8691087,0.9,1,0.282876895344412,0.522875780081463,0.377124219918537
SAS,SUNF,2017847.69991847,0.5,1,0.282876895344412,0.5,0
SAS,TEAS,84510.2054541842,0.9,1,0.282876895344412,0.522875780081463,0.377124219918537
SAS,TEMF,1842406.04392464,0.9,1,0.282876895344412,0.522875780081463,0.377124219918537
SAS,TOBA,399293.369072445,0.9,1,0.282876895344412,0.522875780081463,0.377124219918537
SAS,TROF,28802897.2375821,0.9,1,0.282876895344412,0.522875780081463,0.377124219918537
SAS,WHEA,150580948.403908,0.4,1,0.282876895344412,0.4,0
SEA,ACOF,94239.2984794267,0.9,1,0.0699059573251109,0.156595720720511,0.743404279279489
SEA,BANA,13738975.5208671,0.1,1,0.0699059573251109,0.1,0
SEA,BARL,139249.820224181,0.4,1,0.0699059573251109,0.156595720720511,0.24340427927949
SEA,BEAN,9690219.79069686,0.5,1,0.0699059573251109,0.156595720720511,0.343404279279489
SEA,CASS,7541154.14516904,0.8,1,0.0699059573251109,0.156595720720511,0.64340427927949
SEA,CHIC,612953.795293734,0.5,1,0.0699059573251109,0.156595720720511,0.343404279279489
SEA,CNUTF,1964709.73207718,0.9,1,0.0699059573251109,0.156595720720511,0.743404279279489
SEA,CNUTH,2494585.89484837,0.9,1,0.0699059573251109,0.156595720720511,0.743404279279489
SEA,CNUTS,714439.858481779,0.9,1,0.0699059573251109,0.156595720720511,0.743404279279489
SEA,COCO,373682.229705565,0.9,1,0.0699059573251109,0.156595720720511,0.743404279279489
SEA,COTT,678079.413962707,0.4,1,0.0699059573251109,0.156595720720511,0.24340427927949
SEA,COWP,551100.312669098,0.5,1,0.0699059573251109,0.156595720720511,0.343404279279489
SEA,GROU,4823203.21510571,0.4,1,0.0699059573251109,0.156595720720511,0.24340427927949
SEA,GROUH,979336.775124451,0.9,1,0.0699059573251109,0.156595720720511,0.743404279279489
SEA,MAIZ,56263859.6271319,0.5,1,0.0699059573251109,0.156595720720511,0.343404279279489
SEA,MAIZC,9014505.77260923,0.9,1,0.0699059573251109,0.156595720720511,0.743404279279489
SEA,OCER,407730.411281169,0.4,1,0.0699059573251109,0.156595720720511,0.24340427927949
SEA,OILPB,10071746.0824229,0.9,1,0.0699059573251109,0.156595720720511,0.743404279279489
SEA,OILPS,2846362.87157613,0.9,1,0.0699059573251109,0.156595720720511,0.743404279279489
SEA,OOIL,86926.9524486307,0.4,1,0.0699059573251109,0.156595720720511,0.24340427927949
SEA,PIGE,3975823.31261426,0.5,1,0.0699059573251109,0.156595720720511,0.343404279279489
SEA,PLNT,630867.62911731,0.1,1,0.0699059573251109,0.1,0
SEA,PLNTP,148090.985110257,0.1,1,0.0699059573251109,0.1,0
SEA,PMIL,306.649239778519,0.4,1,0.0699059573251109,0.156595720720511,0.24340427927949
SEA,POTA,1261416.68137816,0.8,1,0.0699059573251109,0.156595720720511,0.64340427927949
SEA,RAPE,187328.828067049,0.5,1,0.0699059573251109,0.156595720720511,0.343404279279489
SEA,RCOF,1382859.77872121,0.9,1,0.0699059573251109,0.156595720720511,0.743404279279489
SEA,RICE,305693430.472945,0.75,0.2,0.0699059573251109,0.0313191441441021,0.718680855855898
SEA,RICEH,47955015.4132067,0.9,0,0.0699059573251109,0,0.9
SEA,SESA,9363294.63012105,0.33,1,0.0699059573251109,0.156595720720511,0.17340427927949
SEA,SMIL,1255721.88405618,0.4,1,0.0699059573251109,0.156595720720511,0.24340427927949
SEA,SORG,536298.546518266,0.4,1,0.0699059573251109,0.156595720720511,0.24340427927949
SEA,SOYB,5508343.0145936,0.4,1,0.0699059573251109,0.156595720720511,0.24340427927949
SEA,SUGB,6.25396192073822,0.8,1,0.0699059573251109,0.156595720720511,0.64340427927949
SEA,SUGC,9499553.77418904,0.75,1,0.0699059573251109,0.156595720720511,0.593404279279489
SEA,SUGCB,4591450.67964153,0.9,1,0.0699059573251109,0.156595720720511,0.743404279279489
SEA,SUNF,1319027.56757616,0.5,1,0.0699059573251109,0.156595720720511,0.343404279279489
SEA,TEAS,27893.7604696243,0.9,1,0.0699059573251109,0.156595720720511,0.743404279279489
SEA,TEMF,967208.113161304,0.9,1,0.0699059573251109,0.156595720720511,0.743404279279489
SEA,TOBA,213577.917042244,0.9,1,0.0699059573251109,0.156595720720511,0.743404279279489
SEA,TROF,19147207.1179315,0.9,1,0.0699059573251109,0.156595720720511,0.743404279279489
SEA,WHEA,1113676.99490874,0.4,1,0.0699059573251109,0.156595720720511,0.24340427927949
SSA,ACOF,382393.129961947,0.9,1,0.287798637035487,0.32930024567786,0.57069975432214
SSA,BANA,12909431.9939564,0.1,1,0.287798637035487,0.1,0
SSA,BARL,2429573.34715112,0.4,1,0.287798637035487,0.32930024567786,0.0706997543221401
SSA,BEAN,10880728.6533142,0.5,1,0.287798637035487,0.32930024567786,0.17069975432214
SSA,CASS,15214107.3038021,0.8,1,0.287798637035487,0.32930024567786,0.47069975432214
SSA,CHIC,660257.056329906,0.5,1,0.287798637035487,0.32930024567786,0.17069975432214
SSA,CNUTF,99376.0212739157,0.9,1,0.287798637035487,0.32930024567786,0.57069975432214
SSA,CNUTH,126177.427750494,0.9,1,0.287798637035487,0.32930024567786,0.57069975432214
SSA,CNUTS,36136.7326955861,0.9,1,0.287798637035487,0.32930024567786,0.57069975432214
SSA,COCO,1423144.82713592,0.9,1,0.287798637035487,0.32930024567786,0.57069975432214
SSA,COTT,4759598.41955194,0.4,1,0.287798637035487,0.32930024567786,0.0706997543221401
SSA,COWP,15037961.8957884,0.5,1,0.287798637035487,0.32930024567786,0.17069975432214
SSA,GROU,26369676.7078371,0.4,1,0.287798637035487,0.32930024567786,0.0706997543221401
SSA,GROUH,3585092.82068865,0.9,1,0.287798637035487,0.32930024567786,0.57069975432214
SSA,MAIZ,102496719.604717,0.5,1,0.287798637035487,0.32930024567786,0.17069975432214
SSA,MAIZC,13424560.1656683,0.9,1,0.287798637035487,0.32930024567786,0.57069975432214
SSA,OCER,5940214.91810266,0.4,1,0.287798637035487,0.32930024567786,0.0706997543221401
SSA,OILPB,936661.628462718,0.9,1,0.287798637035487,0.32930024567786,0.57069975432214
SSA,OILPS,264708.706551025,0.9,1,0.287798637035487,0.32930024567786,0.57069975432214
SSA,OOIL,917282.893966397,0.4,1,0.287798637035487,0.32930024567786,0.0706997543221401
SSA,PIGE,2818852.42622864,0.5,1,0.287798637035487,0.32930024567786,0.17069975432214
SSA,PLNT,16501835.3998468,0.1,1,0.287798637035487,0.1,0
SSA,PLNTP,3873670.07880857,0.1,1,0.287798637035487,0.1,0
SSA,PMIL,56978598.3859461,0.4,1,0.287798637035487,0.32930024567786,0.0706997543221401
SSA,POTA,4692193.50353811,0.8,1,0.287798637035487,0.32930024567786,0.47069975432214
SSA,RAPE,176581.678428412,0.5,1,0.287798637035487,0.32930024567786,0.17069975432214
SSA,RCOF,367816.148494653,0.9,1,0.287798637035487,0.32930024567786,0.57069975432214
SSA,RICE,34964690.935053,0.75,0.2,0.287798637035487,0.065860049135572,0.684139950864428
SSA,RICEH,4815892.95166138,0.9,0,0.287798637035487,0,0.9
SSA,SESA,15294535.4513255,0.33,1,0.287798637035487,0.32930024567786,0.000699754322140089
SSA,SMIL,6278452.95067605,0.4,1,0.287798637035487,0.32930024567786,0.0706997543221401
SSA,SORG,41213621.682809,0.4,1,0.287798637035487,0.32930024567786,0.0706997543221401
SSA,SOYB,4605015.34656256,0.4,1,0.287798637035487,0.32930024567786,0.0706997543221401
SSA,SUGB,665.004931613803,0.8,1,0.287798637035487,0.32930024567786,0.47069975432214
SSA,SUGC,4288245.12927231,0.75,1,0.287798637035487,0.32930024567786,0.42069975432214
SSA,SUGCB,2072651.66839431,0.9,1,0.287798637035487,0.32930024567786,0.57069975432214
SSA,SUNF,3106417.72970511,0.5,1,0.287798637035487,0.32930024567786,0.17069975432214
SSA,TEAS,37430.7395665739,0.9,1,0.287798637035487,0.32930024567786,0.57069975432214
SSA,TEMF,887075.789580158,0.9,1,0.287798637035487,0.32930024567786,0.57069975432214
SSA,TOBA,295212.437014258,0.9,1,0.287798637035487,0.32930024567786,0.57069975432214
SSA,TROF,14090983.0119973,0.9,1,0.287798637035487,0.32930024567786,0.57069975432214
SSA,WHEA,8806234.14976747,0.4,1,0.287798637035487,0.32930024567786,0.0706997543221401
