crop,category,TgC
Arabica coffee,Plantation crops,1.59
Banana,Plantation crops,31.86
Barley,Cereals,60.73
Beans,Legume vegetables,22.15
Cassava,Roots and Tubers,13.32
Chickpea,Legume vegetables,6.21
Coconut,Plantation crops,1.14
Coconut,Plantation crops,2.47
Coconut,Plantation crops,0.66
Cocoa,Plantation crops,1
Cotton,Plantation crops,39.68
Cowpea,Legume vegetables,6
Groundnut,Plantation crops,25.14
Groundnut,Plantation crops,5.73
Maize,Cereals,482
Maize,Cereals,93.42
Other cereals,Cereals,27.97
Oil palm,Plantation crops,5.29
Oil palm,Plantation crops,1.73
Other oil crops,Oil crops,5.47
Pigeonpea,Legume vegetables,8.24
Plantain,Plantation crops,9.48
Plantain,Plantation crops,2.23
Pearl Millet,Cereals,46.13
Potato,Roots and Tubers,30.41
Rapeseed,Oil crops,53.31
Robusta coffee,Plantation crops,1.33
Rice,Cereals,426.07
Rice,Cereals,63.81
Sesameseed,Plantation crops,19.04
Small Millet,Cereals,10.26
Sorghum,Cereals,41.63
Soybean,Oil crops,258.7
Sugarbeet,Roots and Tubers,11.89
Sugarcane,Plantation crops,49.23
Sugarcane,Plantation crops,23.2
Sunflower,Oil crops,29.08
Tea,Plantation crops,0.15
Temperate fruit,Plantation crops,14.65
Tobacco,Plantation crops,1.19
Tropical fruit,Plantation crops,105.75
Wheat,Cereals,372.58
