n,category,crop,name,residue_fraction,harvestable_res_fraction,harvest_to dm_factor,yield_mean,yield_max,prod_global,moisture,DM,ash,lhv,C_dm,N_dm,C_daf,N_daf,lignin_dm,biochar_yield,biochar_C,biochar_C_yield,fperm,biochar_tech_seq
35,Plantation crops,Arabica coffee,ACOF,Husk,0.9,0.35,63.6002186528563,7471.9,1592601.41158659,0.224,0.776,0.0474,21.07,0.48363502,0.01152646,0.5077,0.0121,0.163,0.230381374522311,0.912576223783476,0.414103929075473,0.71,468246.776412299
31,Plantation crops,Banana,BANA,Pith,0.1,0.35,4124.89823925059,187884.9,31858611.1625173,0.928,0.0720000000000001,0.1205,16.6,0.3995,0.0376426,0.454235361000569,0.0428,0.1485,0.226418234522311,0.912576223783476,0.454882898154275,0.71,10289275.537511
2,Cereals,Barley,BARL,Straw,0.4,0.88,973.210131035604,62848.2,60731206.9862994,0.0881,0.9119,0.0599,18.03,0.4474876,0.00733278,0.476,0.0078,0.18,0.235027814522311,0.912576223783476,0.450589906430366,0.71,19429056.9000855
14,Legume vegetables,Beans,BEAN,Straw,0.5,1,649.589034697663,21664.5,22153772.5168702,0.103,0.897,0.0593,17.26,0.42971176,0.00827816,0.4568,0.0088,0.103,0.213982174522311,0.912576223783476,0.427484774042355,0.71,6723984.3113776
13,Roots and Tubers,Cassava,CASS,Tops and stems,0.8,0.35,2954.96905972027,216503.2,13321843.6002667,0.104,0.896,0.084,19.7,0.4682592,0.0035724,0.5112,0.0039,0.08,0.207695814522311,0.912576223783476,0.370771248263701,0.71,3506943.17239972
15,Legume vegetables,Chickpea,CHIC,Straw,0.5,1,217.92117246436,24679.4,6211596.75039783,0.096,0.904,0.074,18.1,0.4017914,0.0082414,0.4339,0.0089,0.119,0.218355294522311,0.912576223783476,0.459243720023737,0.71,2025372.12724744
23,Plantation crops,Coconut,CNUTF,Frond,0.9,0.18,774.815076240269,42837.8,1143494.15142698,0.0708,0.9292,0.0496,19 (HHV),0.32323104,0.00437184,0.3401,0.0046,0.1815,0.235437794522311,0.912576223783476,0.631740468865277,0.71,512897.987270699
,Plantation crops,Coconut,CNUTH,Husk,0.9,,,,2474086.53007895,0.089,0.911,0.046,17,0.5508,0.0022,0.577358490566038,0.00230607966457023,0.2573,0.256155450522311,0.912576223783476,0.404880810724768,0.71,711214.213672133
,Plantation crops,Coconut,CNUTS,Shell,0.9,,,,659994.796047301,0.081,0.919,0.0111,19.43,0.51304132,0.00168113,0.5188,0.0017,0.3354,0.277501742522311,0.912576223783476,0.488129322059262,0.71,228735.596773619
28,Plantation crops,Cocoa,COCO,Pods,0.9,0.5,39.7885000126085,5643.6,996934.900533594,0.09,0.91,0.112,17.4,0.4548,0.0119,0.512162162162162,0.0134009009009009,0.134,0.222455094522311,0.912576223783476,0.396372955908231,0.71,280562.203694531
27,Plantation crops,Cotton,COTT,Straw,0.4,0.35,364.489460596271,33286.2,39680767.773571,0.159,0.841,0.0669,17.42,0.45059399,0.01045072,0.4829,0.0112,0.1573,0.228823450522311,0.912576223783476,0.432426672998045,0.71,12182905.8971367
16,Legume vegetables,Cowpea,COWP,Straw,0.5,1,83.7426786115192,11820.1,5999390.79484387,0.088,0.912,0.137,17.5,0.3744557,0.0076807,0.4339,0.0089,0.08,0.207695814522311,0.912576223783476,0.436824757115474,0.71,1860684.52302692
22,Plantation crops,Groundnut,GROU,Straw,0.4,0.67,464.597571044213,44643.2,25137605.8346941,0.088,0.912,0.099,17.8,0.371,0.0153,0.411764705882353,0.0169811320754717,0.102,0.213708854522311,0.912576223783476,0.473633647233439,0.71,8453271.31328394
,Plantation crops,Groundnut,GROUH,Husk,0.9,,,,5725440.28620795,0.0788,0.9212,0.047,18.13,0.4420014,0.0093394,0.4638,0.0098,0.136,0.223001734522311,0.912576223783476,0.438779820585459,0.71,1783667.43970411
3,Cereals,Maize,MAIZ,Straw,0.5,0.87,2616.92901611033,58812.4,481997560.275952,0.072,0.928,0.0487,18,0.46442466,0.00513702,0.4882,0.0054,0.071,0.205235934522311,0.912576223783476,0.383640790887021,0.71,131288886.913215
,Cereals,Maize,MAIZC,Cob,0.9,,,,93420897.173266,0.0752,0.9248,0.0237,16.15,0.46120412,0.00615069,0.4724,0.0063,0.1226,0.219339246522311,0.912576223783476,0.423716725907798,0.71,28104637.643954
,Cereals,Other cereals,OCER,Straw,0.4,,,,27967603.8655838,0.0826212,0.9173788,0.05149237,17.749875,0.454342120959,0.007492036281,0.47889407,0.00791137,0.186,0.236667734522311,0.912576223783476,0.450991901949759,0.71,8955345.63082511
,Plantation crops,Oil palm,OILPB,Bunche,0.9,,,,5289585.98816794,0.699,0.301,0.0633,15.21,0.43547183,0.00337212,0.4649,0.0036,0.3623,0.284854050522311,0.912576223783476,0.559154729522647,0.71,2099964.88597558
24,Plantation crops,Oil palm,OILPS,Shell,0.9,0.23,539.920490209861,181156.8,1726296.32136998,0.149,0.851,0.0344,19.94,0.50288448,0.00685576,0.5208,0.0071,0.49,0.319757014522311,0.912576223783476,0.56029694477928,0.71,686739.37379959
21,Oil crops,Other oil crops,OOIL,Straw,0.4,0.22,456.050157475461,29896.3,5471480.51918803,0.0965333333333333,0.903466666666667,0.0664666666666667,19.9566666666667,0.475790606666667,0.0137597733333333,0.509832624113475,0.0147333333333333,0.171,0.232567934522311,0.912576223783476,0.416285575738785,0.71,1617165.87683235
17,Legume vegetables,Pigeonpea,PIGE,Straw,0.5,1,41.320670319286,7387.5,8240864.23838648,0.097,0.903,0.046,19.2,0.411,0.009,0.430817610062893,0.00943396226415094,0.171,0.232567934522311,0.912576223783476,0.492635311329336,0.71,2882415.91098722
32,Plantation crops,Plantain,PLNT,Pith,0.1,0.35,505.460028193121,49646.3,9481818.83401127,0.931,0.0690000000000001,0.113,16.7,0.4024,0.013,0.451121076233184,0.0145739910313901,0.045,0.198129614522311,0.912576223783476,0.400797889892839,0.71,2698208.01652271
,Plantation crops,Plantain,PLNTP,Peels,0.1,,,,2225778.94962235,0.84,0.16,0.108,17.3,0.4024,0.013,0.451121076233184,0.0145739910313901,0.045,0.198129614522311,0.912576223783476,0.400797889892839,0.71,633382.129527342
6,Cereals,Pearl Millet,PMIL,Straw,0.4,0.9,171.992734025197,22815.4,46130407.0734641,0.069,0.931,0.086,17.7,0.3995094,9.14e-05,0.4371,1e-04,0.107,0.215075454522311,0.912576223783476,0.449033965034284,0.71,14707024.9137587
12,Roots and Tubers,Potato,POTA,Tops and stems,0.8,0.25,9830.15879684497,321938.2,30409326.1149408,0.77,0.23,0.133,17.7,0.349401,0.0150858,0.403,0.0174,0.094,0.211522294522311,0.912576223783476,0.478983168191531,0.71,10341544.3092237
18,Oil crops,Rapeseed,RAPE,Straw,0.5,0.9,500.214757326666,301686.1,53311073.7567607,0.0886,0.9114,0.0596,20.81,0.47762916,0.02003052,0.5079,0.0213,0.13,0.221361814522311,0.912576223783476,0.397734846990803,0.71,15054606.9521281
36,Plantation crops,Robusta coffee,RCOF,Husk,0.9,0.35,72.0709186901996,7429.1,1330414.9843842,0.224,0.776,0.0474,21.07,0.48363502,0.01152646,0.5077,0.0121,0.163,0.230381374522311,0.912576223783476,0.414103929075473,0.71,391160.35135741
4,Cereals,Rice,RICE,Straw,0.75,0.9,1211.32231075613,76148.9,426071943.563512,0.0852,0.9148,0.1853,17.26,0.41085321,0.00920611,0.5043,0.0113,0.1402,0.224149678522311,0.912576223783476,0.40561901088275,0.71,122704245.022317
,Cereals,Rice,RICEH,Husk,0.9,,,,63813224.1853003,0.106,0.894,0.1803,16.42,0.37820958,0.0073773,0.4614,0.009,0.2283,0.248229170522311,0.912576223783476,0.490958038725954,0.71,22244026.9274642
25,Plantation crops,Sesameseed,SESA,Straw,0.33,3.44,143.511228502412,155795,19040014.9424739,0.0696,0.9304,0.0704,15.6,0.4504,0.0042,0.484509466437177,0.00451807228915663,0.0735,0.205919234522311,0.912576223783476,0.387850001830915,0.71,5243115.57951241
7,Cereals,Small Millet,SMIL,Straw,0.4,0.9,223.146052901765,20171.8,10257464.9859892,0.069,0.931,0.086,17.7,0.3995094,9.14e-05,0.4371,1e-04,0.107,0.215075454522311,0.912576223783476,0.449033965034284,0.71,3270224.62343995
5,Cereals,Sorghum,SORG,Straw,0.4,0.88,868.335677397452,79537,41628334.0767216,0.0651,0.9349,0.0703,17.74,0.44988183,0.00771651,0.4839,0.0083,0.0944,0.211631622522311,0.912576223783476,0.399111359608557,0.71,11796182.1182357
20,Oil crops,Soybean,SOYB,Straw,0.4,0.9,708.441135914123,27050.5,258702003.691627,0.109,0.891,0.06,19,0.459,0.008366,0.488297872340426,0.0089,0.16,0.229561414522311,0.912576223783476,0.429025602317416,0.71,78802745.8977111
11,Roots and Tubers,Sugarbeet,SUGB,Tops,0.8,0.14,6267.9537312068,503497.5,11892935.9221074,0.87,0.13,0.048,17.44,0.4449648,0.0183736,0.4674,0.0193,0.016,0.190203334522311,0.912576223783476,0.371362945591348,0.71,3135782.95819171
26,Plantation crops,Sugarcane,SUGC,Straw,0.75,0.1,9418.72159332017,495957.9,49225288.2907264,0.0913,0.9087,0.044,18.19,0.4769484,0.003824,0.4989,0.004,0.056,0.201136134522311,0.912576223783476,0.367913517957058,0.71,12858560.781119
,Plantation crops,Sugarcane,SUGCB,Bagasse,0.9,,,,23195849.6429545,0.2076,0.7924,0.057,18.24,0.4649933,0.0031119,0.4931,0.0033,0.2013,0.240849530522311,0.912576223783476,0.445738298649511,0.71,7340887.77446208
19,Oil crops,Sunflower,SUNF,Straw,0.5,0.9,439.673113864034,23438.9,29080980.8943112,0.092,0.908,0.0798,20.06,0.49074266,0.0128828,0.5333,0.014,0.223,0.246780574522311,0.912576223783476,0.422287801988913,0.71,8719185.88609358
29,Plantation crops,Tea,TEAS,Woody residue,0.9,0.3,72.2804522427837,18600.5,154833.968060741,0.07075,0.92925,0.049125,18.5,0.566775,0.0169,0.596056263967398,0.0177731037202577,0.30125,0.268167864522311,0.912576223783476,0.410571336868352,0.71,45134.9763741245
33,Plantation crops,Temperate fruit,TEMF,Prunings,0.9,0.45,4503.57717905427,174683,14647885.6686408,0.125,0.875,0.0223,18.69,0.48210387,0.00713721,0.4931,0.0073,0.117,0.217808654522311,0.912576223783476,0.403096733829508,0.71,4192205.55808138
30,Plantation crops,Tobacco,TOBA,Straw,0.9,0.45,317.052306421396,45186.8,1185178.23077388,0.123,0.877,0.1326,14.98 (HHV),0.36769086,0.01934302,0.4239,0.0223,0.2173,0.245222650522311,0.912576223783476,0.527917811747643,0.71,444230.455665972
,Plantation crops,Tropical fruit,TROF,prunings and tops,0.9,,,,105754927.544305,0.609266,0.390734,0.036526,17.8172,0.429700566,0.012890112,0.445917345499536,0.0134014525208784,0.171962,0.232830868362311,0.912576223783476,0.476491701376364,0.71,35777855.201709
1,Cereals,Wheat,WHEA,Straw,0.4,0.88,1486.94157249926,32068.1,372578415.864899,0.0959,0.9041,0.0817,18.19,0.45042615,0.0064281,0.4905,0.007,0.1829,0.235820442522311,0.912576223783476,0.438744401484116,0.71,116061352.792927
